new_index,ligand,base,solvent,ligand_equivalent,objective_conversion,objective_selectivity,priority,objective_conversion_predicted_mean,objective_conversion_predicted_std_dev,objective_conversion_expected_improvement,objective_selectivity_predicted_mean,objective_selectivity_predicted_std_dev,objective_selectivity_expected_improvement
126,P(o-Tol)3,KOAc,MeCN,0.125,PENDING,PENDING,1.0,7.527929528260664,15.615406709355327,5.479654307077828e-09,18.782216977262493,8.192328482317713,5.293228227244983e-21
29,P(Cy)3,Cs2CO3(aq.),MeOH,0.125,PENDING,PENDING,1.0,71.0652874438897,10.673207298991054,0.013923795378374751,79.16405920221852,5.740237577765601,0.004770005759289923
28,P(Cy)3,KOH(aq.),MeOH,0.125,PENDING,PENDING,1.0,71.33057945472918,9.256665082564227,0.0034056017053433058,79.41136586659387,5.4795542993570745,0.0033976443616740085
27,P(Cy)3,1M K3PO4(aq.),MeOH,0.125,PENDING,PENDING,1.0,71.54769622868686,7.11672233957425,8.395175217452088e-05,82.34446204157716,4.301737861587419,0.001879219229696437
26,P(Cy)3,CsF(aq.),MeOH,0.125,PENDING,PENDING,1.0,71.0100160322477,16.382960504542748,0.28482856187300487,84.01500620263093,5.364311593072272,0.038323278692653534
351,Xanthphos,None,DMF,0.0625,PENDING,PENDING,0.0,-3.641069738019141,26.885963595530512,0.00041131685291805574,7.292354905787654,19.61702038987002,1.535790834705352e-05
350,Xanthphos,KOAc,DMF,0.0625,PENDING,PENDING,0.0,-1.9557578203995547,25.875305021620413,0.000275271013434086,7.962257931372633,19.24591915939278,1.1710494980221153e-05
349,Xanthphos,Cs2CO3(aq.),DMF,0.0625,PENDING,PENDING,0.0,-1.6188738747261908,26.462783829253183,0.0004320491962757434,6.45685558465091,19.70182627010212,1.3776388842044567e-05
348,Xanthphos,KOH(aq.),DMF,0.0625,PENDING,PENDING,0.0,-1.275110910935581,25.76135145912767,0.00028514804972048623,5.567463260028454,19.30050982732505,6.754162180302482e-06
347,Xanthphos,1M K3PO4(aq.),DMF,0.0625,PENDING,PENDING,0.0,-2.113382053832005,25.717378496454543,0.0002398810875533855,6.416994733212228,19.073530979117397,6.326558929243512e-06
346,Xanthphos,CsF(aq.),DMF,0.0625,PENDING,PENDING,0.0,0.2844257985668719,27.449256863782924,0.0010580428310328592,6.6297857702831,19.420342445464204,1.0294700700045262e-05
345,Xanthphos,s. NaHCO3(aq.),DMF,0.0625,PENDING,PENDING,0.0,2.4739709452540026,26.38365894597174,0.0007869208673238256,6.1545027306875895,19.184640750942688,6.801385884880139e-06
344,Xanthphos,NaOH(aq.),DMF,0.0625,PENDING,PENDING,0.0,1.1722683521131003,25.785765925198973,0.0004359703367329479,7.8760757918778665,19.282032128814475,1.1966040403146893e-05
343,dppf,None,DMF,0.0625,PENDING,PENDING,0.0,1.586279599019285,13.702778995959662,9.745299689495158e-13,9.301304488380723,10.701083692031458,7.054612536941907e-16
342,dppf,KOAc,DMF,0.0625,PENDING,PENDING,0.0,3.5096742252410706,8.124456182232805,1.722441551504485e-32,10.347463355761832,8.737319007787695,1.3508908135493071e-22
341,dppf,Cs2CO3(aq.),DMF,0.0625,PENDING,PENDING,0.0,3.9293371718166554,12.438680225529337,1.4710637379550315e-14,8.339632902881227,10.924386102960975,1.3430970592819392e-15
340,dppf,KOH(aq.),DMF,0.0625,PENDING,PENDING,0.0,4.4302868715989945,10.268663360587933,1.4856634990860775e-20,7.104989265863573,9.935053304160933,4.556300149319876e-19
339,dppf,1M K3PO4(aq.),DMF,0.0625,PENDING,PENDING,0.0,3.4884064450182777,9.866457500638175,1.491927545713542e-22,8.388319080673902,9.156849547072278,1.3493149629774787e-21
338,dppf,CsF(aq.),DMF,0.0625,PENDING,PENDING,0.0,5.5698483108328745,15.504114472365169,1.8933587269684e-09,8.424159431090565,10.174712414569031,9.496557849279984e-18
337,dppf,s. NaHCO3(aq.),DMF,0.0625,PENDING,PENDING,0.0,7.9273557781497175,13.02496631309816,2.1708519704901553e-12,7.907652983012788,9.677171787327863,1.094303104044614e-19
336,dppf,NaOH(aq.),DMF,0.0625,PENDING,PENDING,0.0,7.290254652136632,11.660428462698219,2.308335253231212e-15,10.4390997072569,10.387040625377008,2.2676538552541645e-16
335,XPhos,None,DMF,0.0625,PENDING,PENDING,0.0,3.634383134490477,19.266273737001644,1.2737081334279532e-06,6.8408223759035,10.316151311053916,6.9807690211116e-18
334,XPhos,KOAc,DMF,0.0625,PENDING,PENDING,0.0,6.6711899316802175,18.189004313061794,6.074937827283757e-07,7.847879714869563,9.494372279900283,2.0138381131811134e-20
333,XPhos,Cs2CO3(aq.),DMF,0.0625,PENDING,PENDING,0.0,5.797523036539616,18.524149047671624,7.891294395695826e-07,5.976502383545082,10.539667376944033,1.6986661096377144e-17
332,XPhos,KOH(aq.),DMF,0.0625,PENDING,PENDING,0.0,6.577356379934429,17.49912890746414,1.8674787605307834e-07,4.869309535017727,9.46401234343006,7.455072907697099e-22
331,XPhos,1M K3PO4(aq.),DMF,0.0625,PENDING,PENDING,0.0,5.864477730872672,17.164738738812567,8.024331716135766e-08,5.875103876845685,8.726377581174436,6.54526839469081e-25
330,XPhos,CsF(aq.),DMF,0.0625,PENDING,PENDING,0.0,8.26727134779987,20.596657165215056,2.1610140133517235e-05,6.017710035837737,9.77562872568142,4.2690465902308384e-20
329,XPhos,s. NaHCO3(aq.),DMF,0.0625,PENDING,PENDING,0.0,11.308656891161789,8.799867873508342,7.447876714963913e-24,5.2933427395452455,8.405724237768526,4.7638870195919606e-27
328,XPhos,NaOH(aq.),DMF,0.0625,PENDING,PENDING,0.0,12.232122157766014,18.53895197075981,4.966173693904711e-06,8.217082083695516,9.937871649083599,1.2788603389106575e-18
327,dtbpf,None,DMF,0.0625,PENDING,PENDING,0.0,-1.2232234758601521,14.377295193492102,2.825293444992042e-12,5.04033959647613,9.09299444167507,1.823206011963611e-23
326,dtbpf,KOAc,DMF,0.0625,PENDING,PENDING,0.0,0.6631972464945193,11.91476574523553,9.375043249382787e-17,5.438601973817157,8.633412485920735,1.2002153324206066e-25
325,dtbpf,Cs2CO3(aq.),DMF,0.0625,PENDING,PENDING,0.0,1.0741091826521156,13.204200770767324,9.227248891751958e-14,4.41095351224579,9.379191935439838,1.9656893366634663e-22
324,dtbpf,KOH(aq.),DMF,0.0625,PENDING,PENDING,0.0,1.5426859769064833,11.332244313168205,4.379929206626857e-18,3.760315588633233,8.969852031597402,1.0380480415207576e-24
323,dtbpf,1M K3PO4(aq.),DMF,0.0625,PENDING,PENDING,0.0,0.6022182802271416,10.874823957137924,7.194094179987118e-20,4.208633392245275,6.886782714982512,2.3901275770683516e-40
322,dtbpf,CsF(aq.),DMF,0.0625,PENDING,PENDING,0.0,2.8073044325863563,15.841053874019982,1.4437600472899082e-09,4.6123137454454906,8.814092980766397,4.286226343676267e-25
321,dtbpf,s. NaHCO3(aq.),DMF,0.0625,PENDING,PENDING,0.0,5.547092959608406,6.7958714235888324,8.109908127684035e-44,4.8911556987805795,6.4230458584740715,1.9425038848407116e-45
319,SPhos,None,DMF,0.0625,PENDING,PENDING,0.0,1.002664406109318,13.228089225112235,9.831444182889863e-14,6.276545274145917,10.428438727196536,9.84389310028466e-18
318,SPhos,KOAc,DMF,0.0625,PENDING,PENDING,0.0,2.918329218906514,10.478043245797734,2.2121592444855695e-20,7.190960890614036,9.424066050212891,5.399996239478866e-21
317,SPhos,Cs2CO3(aq.),DMF,0.0625,PENDING,PENDING,0.0,3.350273869829117,11.892568475135592,5.484080748969134e-16,5.316733193713375,10.653764716765087,2.2004801443970726e-17
316,SPhos,KOH(aq.),DMF,0.0625,PENDING,PENDING,0.0,3.8789067885634623,8.180708478981234,7.762132880811305e-32,4.116848014634272,8.57540202466532,1.0850583428048452e-26
315,SPhos,1M K3PO4(aq.),DMF,0.0625,PENDING,PENDING,0.0,2.9163740216739384,9.118874829184728,1.9647115365643399e-26,5.248465837469986,8.838329889456542,1.218203646215947e-24
314,SPhos,CsF(aq.),DMF,0.0625,PENDING,PENDING,0.0,4.977501104109336,15.346501282478926,9.847559672650024e-10,5.3582367372338595,9.996948942672615,1.533862086933853e-19
313,SPhos,s. NaHCO3(aq.),DMF,0.0625,PENDING,PENDING,0.0,7.002665411572302,12.84325264878851,6.073864343070463e-13,4.710388659424488,9.301845725222622,1.2102116142174132e-22
312,SPhos,NaOH(aq.),DMF,0.0625,PENDING,PENDING,0.0,6.7668529207178025,11.225035727251718,1.1945966962557963e-16,7.519917624658582,9.905665241423417,5.233676990598892e-19
311,CataCXium A,None,DMF,0.125,PENDING,PENDING,0.0,0.5112594752143522,19.873200179000108,1.2747645982675207e-06,17.24797337041157,11.655508439962308,2.025145197122026e-11
310,CataCXium A,KOAc,DMF,0.125,PENDING,PENDING,0.0,1.5512061006680824,18.784276006796155,3.4018704502785304e-07,17.846103471706783,10.501604691806406,1.316204141691988e-13
309,CataCXium A,Cs2CO3(aq.),DMF,0.125,PENDING,PENDING,0.0,2.9247295827515316,19.172797843203575,9.134448527866531e-07,16.006314137982486,11.851244430756811,2.139887601314281e-11
308,CataCXium A,KOH(aq.),DMF,0.125,PENDING,PENDING,0.0,2.943824617579601,18.35761170029035,2.5880993969933466e-07,15.142396538772253,11.292010770622039,1.1104792053905828e-12
307,CataCXium A,1M K3PO4(aq.),DMF,0.125,PENDING,PENDING,0.0,1.9968567842749039,17.895491113205704,8.656758696330695e-08,16.217230690728364,10.322172227979681,1.4129835215752319e-14
306,CataCXium A,CsF(aq.),DMF,0.125,PENDING,PENDING,0.0,4.241374763108368,16.65653706788107,1.6466081948080973e-08,16.027863879115436,10.736826681394202,1.2640865913314438e-13
305,CataCXium A,s. NaHCO3(aq.),DMF,0.125,PENDING,PENDING,0.0,6.983719249068429,18.656075742458064,1.3521257503338078e-06,15.698224225424468,10.664570339744548,6.761292964469469e-14
304,CataCXium A,NaOH(aq.),DMF,0.125,PENDING,PENDING,0.0,5.816135099470699,17.82581895661938,2.5801208537093564e-07,18.213711633709124,10.94006332566675,1.5857493564515902e-12
303,P(o-Tol)3,None,DMF,0.125,PENDING,PENDING,0.0,5.230443671739479,16.998392001629306,4.693424308428099e-08,15.153915913971119,10.180205897853066,2.5804012194164453e-15
302,P(o-Tol)3,KOAc,DMF,0.125,PENDING,PENDING,0.0,6.599397531937015,15.82337600713359,6.2240339676336875e-09,15.810228289021381,8.996968732752034,6.157570954285534e-19
301,P(o-Tol)3,Cs2CO3(aq.),DMF,0.125,PENDING,PENDING,0.0,7.962852113876949,16.09994224893985,1.9530178729441243e-08,13.862848364065336,10.404531254137112,3.798643414554703e-15
300,P(o-Tol)3,KOH(aq.),DMF,0.125,PENDING,PENDING,0.0,7.87957468897558,15.175778235234551,2.1243027920652835e-09,13.050077300628097,9.872895983179612,5.568881866686623e-17
299,P(o-Tol)3,1M K3PO4(aq.),DMF,0.125,PENDING,PENDING,0.0,6.926927687528632,14.41119283041353,1.640928558016286e-10,14.075925091163384,8.558587720858911,1.294690551142514e-21
298,P(o-Tol)3,CsF(aq.),DMF,0.125,PENDING,PENDING,0.0,8.697198741872363,8.989137970608361,3.351026108644299e-24,13.819067410004074,8.437899492798936,2.533603228374809e-22
297,P(o-Tol)3,s. NaHCO3(aq.),DMF,0.125,PENDING,PENDING,0.0,10.626226212575112,17.02490414237432,3.012735809984192e-07,13.60085592798702,9.189405830109973,3.7904298914010616e-19
296,P(o-Tol)3,NaOH(aq.),DMF,0.125,PENDING,PENDING,0.0,10.967651462524358,15.605786835790216,2.047521429905762e-08,16.19553059318035,9.437226490530476,3.4601823284931074e-17
295,P(Cy)3,None,DMF,0.125,PENDING,PENDING,0.0,5.808243283784172,16.339677491963453,1.4785824687086532e-08,19.07699975596077,10.087932768588308,3.171538807883574e-14
294,P(Cy)3,KOAc,DMF,0.125,PENDING,PENDING,0.0,5.020459231977284,9.752361268250446,2.2687168973907807e-22,19.781140675915438,8.235372015757276,2.6470810788708314e-20
293,P(Cy)3,Cs2CO3(aq.),DMF,0.125,PENDING,PENDING,0.0,4.557064423680011,15.509875907059579,1.266932101546246e-09,17.762007445806745,10.357387399390424,5.5625240672767474e-14
292,P(Cy)3,KOH(aq.),DMF,0.125,PENDING,PENDING,0.0,4.355455511736977,14.604121674785095,8.975808822794532e-11,16.89468455485668,9.686123990734641,4.0137064634749624e-16
291,P(Cy)3,1M K3PO4(aq.),DMF,0.125,PENDING,PENDING,0.0,3.916739906811898,13.415548662473856,1.115629842712643e-12,18.011212693530787,8.458821017882435,3.6766336852710887e-20
290,P(Cy)3,CsF(aq.),DMF,0.125,PENDING,PENDING,0.0,6.329028199446739,19.67320138051382,4.533559469169362e-06,17.780545636192997,9.14783550743078,1.5263804379226698e-17
289,P(Cy)3,s. NaHCO3(aq.),DMF,0.125,PENDING,PENDING,0.0,-0.6896041509277637,24.45527253839203,0.00011971291620434601,17.38877835502951,9.013075236054737,3.396865135215185e-18
288,P(Cy)3,NaOH(aq.),DMF,0.125,PENDING,PENDING,0.0,1.001824344260875,20.575126610414486,3.632679030635873e-06,19.925432332612857,9.48094492761697,1.2971591017221797e-15
287,AmPhos,None,DMF,0.125,PENDING,PENDING,0.0,2.689501927366017,17.318718686589946,3.6813582335188454e-08,17.710668186778584,9.767275312730627,1.3993727610268997e-15
286,AmPhos,KOAc,DMF,0.125,PENDING,PENDING,0.0,3.798780869516925,15.978308725781142,3.0049811037217553e-09,18.40288839047146,8.28785898817056,9.608197805126201e-21
285,AmPhos,Cs2CO3(aq.),DMF,0.125,PENDING,PENDING,0.0,5.173606806273739,16.457531549263184,1.5106941493461968e-08,16.44277481278931,10.014097746579957,2.5069413623635427e-15
284,AmPhos,KOH(aq.),DMF,0.125,PENDING,PENDING,0.0,5.210130120527033,15.431159051372056,1.3541459585292473e-09,15.552013687396801,9.31005321261706,6.954888454423139e-18
283,AmPhos,1M K3PO4(aq.),DMF,0.125,PENDING,PENDING,0.0,4.248650535962007,14.847360688784098,1.780089328517737e-10,16.665021607443258,8.043365312641198,7.473666997272654e-23
282,AmPhos,CsF(aq.),DMF,0.125,PENDING,PENDING,0.0,6.36868813267661,13.026196975865341,9.07000529845727e-13,16.427844041411163,8.551980902767655,1.6628332800504857e-20
281,AmPhos,s. NaHCO3(aq.),DMF,0.125,PENDING,PENDING,0.0,8.668482311969775,15.80352290115044,1.3226029621448024e-08,16.085484533140495,8.51466065868816,7.73699342773008e-21
280,AmPhos,NaOH(aq.),DMF,0.125,PENDING,PENDING,0.0,8.37876514400996,14.725599172047898,7.891367991688277e-10,18.732143997804748,8.882492244877644,4.156592024400715e-18
279,P(Ph)3,None,DMF,0.125,PENDING,PENDING,0.0,9.895672115619476,16.347108688660093,6.598496041199e-08,27.412581781581558,9.680870312097307,1.8269048043144886e-12
278,P(Ph)3,KOAc,DMF,0.125,PENDING,PENDING,0.0,10.920685991398102,15.22899836338323,8.415755853939997e-09,28.08889167811585,8.771607004045938,1.2271894917571584e-14
277,P(Ph)3,Cs2CO3(aq.),DMF,0.125,PENDING,PENDING,0.0,11.698275147377345,15.396687287029469,1.694414434753766e-08,26.19127754896455,9.925662945891906,2.677287590219089e-12
276,P(Ph)3,KOH(aq.),DMF,0.125,PENDING,PENDING,0.0,11.835743349417093,14.277459881181672,1.0462538817057309e-09,25.34435360683826,9.390590744075622,6.801371807648531e-14
275,P(Ph)3,1M K3PO4(aq.),DMF,0.125,PENDING,PENDING,0.0,10.981935371177904,13.590039685287929,8.52374928378567e-11,26.533077498315755,7.9116117520030755,2.012414026426738e-18
274,P(Ph)3,CsF(aq.),DMF,0.125,PENDING,PENDING,0.0,12.09976746972385,16.289968630727643,1.2812772151979e-07,26.155955486599574,9.044911199985155,1.4477962317505388e-14
273,P(Ph)3,s. NaHCO3(aq.),DMF,0.125,PENDING,PENDING,0.0,12.76153458578208,8.823509193141632,5.150901965484691e-23,25.81082757493126,7.93177777512765,1.0899035594496638e-18
272,P(Ph)3,NaOH(aq.),DMF,0.125,PENDING,PENDING,0.0,15.771335127710842,8.46549635147675,2.742250337039406e-23,28.38667440766423,7.902100258014086,1.4376643032138412e-17
271,P(tBu)3,None,DMF,0.125,PENDING,PENDING,0.0,-0.7341687500629419,25.29106033249167,0.00022394424971869387,16.44302561902586,13.023598419833654,1.59604236893509e-09
270,P(tBu)3,KOAc,DMF,0.125,PENDING,PENDING,0.0,0.2999218497466458,24.604353643686512,0.0001611352190565526,17.071240272266884,12.084900970722416,9.657566505940161e-11
269,P(tBu)3,Cs2CO3(aq.),DMF,0.125,PENDING,PENDING,0.0,1.51403640964498,24.82911147607354,0.00023688223194128725,15.224964055597582,13.191768163038601,1.4663665683896328e-09
268,P(tBu)3,KOH(aq.),DMF,0.125,PENDING,PENDING,0.0,1.5103685807189322,24.310334340187147,0.0001600453938818175,14.3823026500394,12.713099577440477,2.086269113360543e-10
267,P(tBu)3,1M K3PO4(aq.),DMF,0.125,PENDING,PENDING,0.0,0.6262990722737953,24.01040512063156,0.00010695332395015177,15.418740814349768,11.897558711161413,1.824983282509133e-11
266,P(tBu)3,CsF(aq.),DMF,0.125,PENDING,PENDING,0.0,2.9907205752257795,23.455121856720336,0.00010620274673032223,15.272268450563004,12.2570511021002,6.698630144397244e-11
265,P(tBu)3,s. NaHCO3(aq.),DMF,0.125,PENDING,PENDING,0.0,5.774090538951832,24.45607977711751,0.0003821087293206281,14.926978786453674,12.167707324681269,3.94994252764406e-11
264,P(tBu)3,NaOH(aq.),DMF,0.125,PENDING,PENDING,0.0,3.774533022249223,23.96355796061806,0.0001853311322898639,17.25217241699771,12.394029877149501,3.1909320618937497e-10
263,Xanthphos,None,THF,0.0625,PENDING,PENDING,0.0,-3.516181842024899,26.722310814485688,0.000377276815696344,5.694223071740005,19.581870370007792,9.868989451472315e-06
262,Xanthphos,KOAc,THF,0.0625,PENDING,PENDING,0.0,-1.8503045488813683,25.868081390855977,0.00027878910200185986,6.332914805946409,19.297672890878484,8.208053367947458e-06
261,Xanthphos,Cs2CO3(aq.),THF,0.0625,PENDING,PENDING,0.0,-1.5191992129467167,26.290343141085902,0.0003921025472662914,4.880335636598176,19.66799548319654,8.913646816690636e-06
260,Xanthphos,KOH(aq.),THF,0.0625,PENDING,PENDING,0.0,-1.166236747346808,25.468464728112156,0.00023619745109634046,3.964470957853699,19.15364072853263,3.6578071514860658e-06
259,Xanthphos,1M K3PO4(aq.),THF,0.0625,PENDING,PENDING,0.0,-2.0102983654537354,25.528742128115017,0.0002133115378777522,4.787648767300901,19.030338348716032,3.873512049780583e-06
258,Xanthphos,CsF(aq.),THF,0.0625,PENDING,PENDING,0.0,0.29812383795907493,27.208947549747123,0.0009227977664795356,4.967219605209465,19.312489296525534,5.863481317026838e-06
257,Xanthphos,s. NaHCO3(aq.),THF,0.0625,PENDING,PENDING,0.0,2.404088636158292,26.04418278350821,0.0006299757579411834,4.593330761573675,19.113949440572785,4.10720129200133e-06
256,Xanthphos,NaOH(aq.),THF,0.0625,PENDING,PENDING,0.0,1.275817846052405,26.191640527074927,0.000577460973936364,6.256212682917237,19.379942093055742,8.907360956475675e-06
255,dppf,None,THF,0.0625,PENDING,PENDING,0.0,1.6294625214816776,13.467863256514413,3.88798223632798e-13,7.0409495528638075,10.819378406445201,2.602316004556772e-16
254,dppf,KOAc,THF,0.0625,PENDING,PENDING,0.0,3.5284988761161884,8.786612512465405,5.2011190025394705e-28,8.022030519124527,9.27487925751742,2.9821382475413967e-21
253,dppf,Cs2CO3(aq.),THF,0.0625,PENDING,PENDING,0.0,3.943591969360689,12.1670133559578,3.703555889253335e-15,6.108225789831401,11.040735942521545,5.1162014696594885e-16
252,dppf,KOH(aq.),THF,0.0625,PENDING,PENDING,0.0,4.461185491379261,9.424702083305112,4.132824851081759e-24,4.834042627174092,9.709924685999473,7.533627941520964e-21
251,dppf,1M K3PO4(aq.),THF,0.0625,PENDING,PENDING,0.0,3.5080645931509196,9.493603565648892,3.1415911394179147e-24,6.06856708569677,9.294610278182713,4.732880157886448e-22
250,dppf,CsF(aq.),THF,0.0625,PENDING,PENDING,0.0,5.472191384426793,15.07075889645098,5.776256245441528e-10,6.070306043079732,10.08536597393234,6.03630822938716e-19
249,dppf,s. NaHCO3(aq.),THF,0.0625,PENDING,PENDING,0.0,7.7068867447069,11.933227961484526,1.3261672349296237e-14,5.699924613420109,9.709047928939443,1.7374467169011517e-20
248,dppf,NaOH(aq.),THF,0.0625,PENDING,PENDING,0.0,7.315885058443946,13.208666878898851,3.1906164527202767e-12,8.132015343016612,10.83798117151519,6.764155837155807e-16
247,XPhos,None,THF,0.0625,PENDING,PENDING,0.0,3.7721838923122775,19.701622368082063,2.4078615333402256e-06,4.691483681420159,10.42147707708358,2.446550804066298e-18
246,XPhos,KOAc,THF,0.0625,PENDING,PENDING,0.0,6.769402470423266,18.85207818392089,1.6884797748069002e-06,5.6438238116161585,9.878314131323137,7.318561733116961e-20
245,XPhos,Cs2CO3(aq.),THF,0.0625,PENDING,PENDING,0.0,5.909984139066857,18.983342946231136,1.601243817926732e-06,3.8519258958890816,10.64392248298906,6.181779170028209e-18
244,XPhos,KOH(aq.),THF,0.0625,PENDING,PENDING,0.0,6.6933109828709405,17.841442897725514,3.482142846340813e-07,2.6999631064920067,9.183575773176804,3.7200360449330475e-24
243,XPhos,1M K3PO4(aq.),THF,0.0625,PENDING,PENDING,0.0,5.975243600238834,17.671922042520993,2.083313088682213e-07,3.677923071111195,8.846795589857527,2.1156511999739223e-25
242,XPhos,CsF(aq.),THF,0.0625,PENDING,PENDING,0.0,8.27875800596236,20.8579580216308,2.8596959712921745e-05,3.769765652201613,9.651852153513946,1.522772560541757e-21
241,XPhos,s. NaHCO3(aq.),THF,0.0625,PENDING,PENDING,0.0,11.288945931185978,10.144467934555921,2.5561216762752087e-18,3.220200260927527,8.518219913150089,1.5804558454902896e-27
240,XPhos,NaOH(aq.),THF,0.0625,PENDING,PENDING,0.0,12.279958715965797,19.662523317168905,2.0074312079713984e-05,6.011163667927626,10.406821132738253,6.728084325687578e-18
239,dtbpf,None,THF,0.0625,PENDING,PENDING,0.0,-1.1361632136636572,14.234501887470351,1.7552977169505062e-12,6.073055908116061,9.417885339983222,1.6291200650109433e-21
238,dtbpf,KOAc,THF,0.0625,PENDING,PENDING,0.0,0.7273291370203125,12.249784801357006,6.717341910744258e-16,6.467858962638523,9.03294969353674,4.576817978608841e-23
237,dtbpf,Cs2CO3(aq.),THF,0.0625,PENDING,PENDING,0.0,1.1331505267087394,13.038094517031782,4.538281201841161e-14,5.446963174147086,9.694142198329724,1.1865718001662047e-20
236,dtbpf,KOH(aq.),THF,0.0625,PENDING,PENDING,0.0,1.6176600879138192,10.735704588102791,5.740678690717057e-20,4.7944367936577095,9.22582646706023,5.925239110665726e-23
235,dtbpf,1M K3PO4(aq.),THF,0.0625,PENDING,PENDING,0.0,0.6674402379454065,10.649515207577437,1.2364565702192386e-20,5.304937307991899,7.31313805442274,3.5534111152692235e-35
234,dtbpf,CsF(aq.),THF,0.0625,PENDING,PENDING,0.0,2.7550937921086884,15.504665335250575,5.896376557975486e-10,5.615466257492685,9.098148212535113,3.646909047315004e-23
232,dtbpf,NaOH(aq.),THF,0.0625,PENDING,PENDING,0.0,4.241330437904985,8.430088338861992,7.260165500559861e-30,4.917154267716185,7.865048484644419,6.722787151830169e-31
231,SPhos,None,THF,0.0625,PENDING,PENDING,0.0,1.0917312994365957,11.911580025210998,1.248221181876346e-16,3.974783570488171,9.564320721695324,8.022085791035523e-22
230,SPhos,KOAc,THF,0.0625,PENDING,PENDING,0.0,2.984251569879511,9.540577808942366,2.990557014557707e-24,4.834919119046326,8.778396389407451,3.5964743190474597e-25
229,SPhos,Cs2CO3(aq.),THF,0.0625,PENDING,PENDING,0.0,3.4119244372571984,10.34699011980064,1.142841407152953e-20,3.044425872056159,9.819731111289249,3.609004426966463e-21
227,SPhos,1M K3PO4(aq.),THF,0.0625,PENDING,PENDING,0.0,2.9865623980472833,6.813156419034854,6.6674105025480905e-46,2.886410372142187,7.7125715434918956,1.958194657777317e-33
226,SPhos,CsF(aq.),THF,0.0625,PENDING,PENDING,0.0,4.921486941558754,14.105626943168543,2.3582054409661244e-11,2.95884206675327,8.842766150626044,8.523149942257964e-26
225,SPhos,s. NaHCO3(aq.),THF,0.0625,PENDING,PENDING,0.0,6.821703280435827,11.25012925592294,1.45730750500589e-16,2.4682847242427712,8.218066324275,6.626435650933527e-30
224,SPhos,NaOH(aq.),THF,0.0625,PENDING,PENDING,0.0,6.831300035145368,11.960177388571823,8.523731142941484e-15,5.166586802558527,9.409396620358596,5.880997408185277e-22
223,CataCXium A,None,THF,0.125,PENDING,PENDING,0.0,0.17252668317611608,19.185943160131217,4.2630709331285315e-07,14.499912701397427,11.134523392333323,3.3927058695415123e-13
222,CataCXium A,KOAc,THF,0.125,PENDING,PENDING,0.0,1.200894988467212,18.275345134364105,1.3159352787754356e-07,15.05282332426134,10.223316309086375,3.1264267548632545e-15
221,CataCXium A,Cs2CO3(aq.),THF,0.125,PENDING,PENDING,0.0,2.5472262370511984,18.438109846126817,2.619612278644008e-07,13.297467078480366,11.346250355034767,4.297940082399817e-13
220,CataCXium A,KOH(aq.),THF,0.125,PENDING,PENDING,0.0,2.575514191977412,17.423959003143814,4.345128547863829e-08,12.386698646706883,10.509142952076585,2.3105283907256317e-15
219,CataCXium A,1M K3PO4(aq.),THF,0.125,PENDING,PENDING,0.0,1.6171949828628627,17.065615345717422,1.5215696027734775e-08,13.397020209989613,9.681461290025654,1.80838634308312e-17
218,CataCXium A,CsF(aq.),THF,0.125,PENDING,PENDING,0.0,3.75880224193385,15.315129081801276,5.405129000101974e-10,13.169281824523402,9.853135511550006,5.345127530336265e-17
217,CataCXium A,s. NaHCO3(aq.),THF,0.125,PENDING,PENDING,0.0,6.422586753191425,17.54664587088829,1.9316402865836617e-07,12.993943618109903,9.900569350084563,6.486831704337074e-17
216,CataCXium A,NaOH(aq.),THF,0.125,PENDING,PENDING,0.0,5.4775099149510424,18.200151098860413,4.318347330403454e-07,15.413260345352356,10.800320715160879,1.146100990807161e-13
215,P(o-Tol)3,None,THF,0.125,PENDING,PENDING,0.0,4.76392531385283,15.877800676723329,3.449169632144789e-09,12.265078786096133,9.178784498815133,9.085791404376415e-20
214,P(o-Tol)3,KOAc,THF,0.125,PENDING,PENDING,0.0,6.1153329266885095,14.879041160858874,4.4801973307674224e-10,12.871921128178869,8.2267547429848,6.5702640916244925e-24
213,P(o-Tol)3,Cs2CO3(aq.),THF,0.125,PENDING,PENDING,0.0,7.450443481031478,14.874140394296983,7.928839438670624e-10,11.016447330258217,9.439980262486666,2.745062521019091e-19
212,P(o-Tol)3,KOH(aq.),THF,0.125,PENDING,PENDING,0.0,7.3764558434008904,13.656353913791124,1.7251577451647016e-11,10.1526166285772,8.545665848835581,1.1902409132290627e-23
211,P(o-Tol)3,1M K3PO4(aq.),THF,0.125,PENDING,PENDING,0.0,6.410559697012303,12.950559859574215,6.784548630112758e-13,11.103083315376317,7.2345736680428585,1.1452895905333519e-31
209,P(o-Tol)3,s. NaHCO3(aq.),THF,0.125,PENDING,PENDING,0.0,9.971508290761157,15.638667487321358,1.5032572933668068e-08,10.752644162050437,7.8241839924086,1.5516473581421802e-27
208,P(o-Tol)3,NaOH(aq.),THF,0.125,PENDING,PENDING,0.0,10.502957029604765,15.763957776684082,2.4334729623087503e-08,13.251989405479598,8.869541055318235,1.3152797704799782e-20
207,P(Cy)3,None,THF,0.125,PENDING,PENDING,0.0,6.259972188030716,18.178526178734014,5.281355904383122e-07,16.24248339134948,9.760529015742094,3.8707623795920565e-16
206,P(Cy)3,KOAc,THF,0.125,PENDING,PENDING,0.0,5.516610898982115,12.904755130733328,3.3306047589292256e-13,16.895000236088748,8.28454355473544,1.6293332893126904e-21
205,P(Cy)3,Cs2CO3(aq.),THF,0.125,PENDING,PENDING,0.0,5.031655348866799,17.471557711851453,1.0754066191546075e-07,14.96939495738009,10.043154649698032,9.145026575169685e-16
204,P(Cy)3,KOH(aq.),THF,0.125,PENDING,PENDING,0.0,4.837862544382666,16.702564645710194,2.247981736769229e-08,14.053750867648134,9.05543101775766,1.7808319286992589e-19
203,P(Cy)3,1M K3PO4(aq.),THF,0.125,PENDING,PENDING,0.0,4.407694450900827,15.722839305464728,2.0470361874900315e-09,15.101766495602874,8.027243056246713,8.646351670433778e-24
202,P(Cy)3,CsF(aq.),THF,0.125,PENDING,PENDING,0.0,6.755677433969552,21.108225144549596,2.624591764618803e-05,14.833828466340343,8.408979568193919,5.949579574967168e-22
201,P(Cy)3,s. NaHCO3(aq.),THF,0.125,PENDING,PENDING,0.0,-0.2145066559220581,25.45277103933657,0.0002749435536615521,14.601852225401288,8.414061757141187,4.81221541792467e-22
200,P(Cy)3,NaOH(aq.),THF,0.125,PENDING,PENDING,0.0,1.4975585061830046,21.933963696513747,1.9016696031118492e-05,17.04069068823575,9.59574564857887,2.394479264285529e-16
199,AmPhos,None,THF,0.125,PENDING,PENDING,0.0,2.295214324271562,16.443092980817166,5.012082259034532e-09,14.821625419676785,9.070651591934832,4.425175985202688e-19
198,AmPhos,KOAc,THF,0.125,PENDING,PENDING,0.0,3.3915740826588916,15.311182403921057,4.5705335920066215e-10,15.461938311018201,7.884969504369709,2.1554107091526905e-24
197,AmPhos,Cs2CO3(aq.),THF,0.125,PENDING,PENDING,0.0,4.738621123961302,15.50470368186108,1.347440070783473e-09,13.595064671471945,9.345305230792949,1.454083945693078e-18
196,AmPhos,KOH(aq.),THF,0.125,PENDING,PENDING,0.0,4.784594683986441,14.189956296944718,2.9238588396729296e-11,12.653447547275569,8.245211079009168,6.313801823714371e-24
195,AmPhos,1M K3PO4(aq.),THF,0.125,PENDING,PENDING,0.0,3.810186656861049,13.726662374354417,3.4906303366427806e-12,13.694637943676433,7.106300489773673,6.910515512422166e-31
194,AmPhos,CsF(aq.),THF,0.125,PENDING,PENDING,0.0,5.821082478591265,11.051088303448568,1.858949538197894e-17,13.416681778444072,7.285795431833405,1.1735240068737052e-29
193,AmPhos,s. NaHCO3(aq.),THF,0.125,PENDING,PENDING,0.0,8.04896435248667,14.34210738221519,2.2404804371302582e-10,13.24244641900885,7.428246192834395,1.039545295234441e-28
192,AmPhos,NaOH(aq.),THF,0.125,PENDING,PENDING,0.0,7.983657385674356,15.204941528055757,2.3905622534551516e-09,15.78422913744916,8.673640276734815,2.820149393055736e-20
191,P(Ph)3,None,THF,0.125,PENDING,PENDING,0.0,9.328983500820122,15.827841806724347,1.796244733509271e-08,24.411958822873558,8.854271160783753,7.758204442754044e-16
190,P(Ph)3,KOAc,THF,0.125,PENDING,PENDING,0.0,10.341832577440563,14.885581344039418,2.821696731735305e-09,25.04105906002193,8.171598902572422,4.734086477695366e-18
189,P(Ph)3,Cs2CO3(aq.),THF,0.125,PENDING,PENDING,0.0,11.100421418134545,14.829399490703842,3.3615805309284693e-09,23.230087017781003,9.132369066886778,2.0242737055214057e-15
188,P(Ph)3,KOH(aq.),THF,0.125,PENDING,PENDING,0.0,11.241621508297754,13.490972567006093,6.975879923425782e-11,22.336786484362484,8.259978967585965,5.858603720693401e-19
187,P(Ph)3,1M K3PO4(aq.),THF,0.125,PENDING,PENDING,0.0,10.374527204894918,12.914840860793152,5.488421454826796e-12,23.449473917415112,6.783160861345074,1.4270642112152505e-26
186,P(Ph)3,CsF(aq.),THF,0.125,PENDING,PENDING,0.0,11.438688851438336,15.392420462668909,1.5160578539790927e-08,23.05155024976223,7.8216220763827495,1.3583359756559636e-20
184,P(Ph)3,NaOH(aq.),THF,0.125,PENDING,PENDING,0.0,15.195560838340697,10.222678206240177,1.2571798084863563e-16,25.31364566807293,7.662316291297463,3.517270591508862e-20
183,P(tBu)3,None,THF,0.125,PENDING,PENDING,0.0,-0.9845037067204174,24.883925174422796,0.0001583472320961462,13.818471998725919,12.604192772018084,1.0623472052927595e-10
182,P(tBu)3,KOAc,THF,0.125,PENDING,PENDING,0.0,0.03845852811017636,24.315772269534918,0.00012257354795005377,14.403378558210825,11.873472579169992,9.078898423662219e-12
181,P(tBu)3,Cs2CO3(aq.),THF,0.125,PENDING,PENDING,0.0,1.229241268222026,24.40256463412268,0.00016329458741448557,12.637949989272016,12.78352465757309,1.0637742810674584e-10
180,P(tBu)3,KOH(aq.),THF,0.125,PENDING,PENDING,0.0,1.2337686066754188,23.778989448700518,9.922155417141669e-05,11.751476978509693,12.08226233330346,4.466047044392468e-12
179,P(tBu)3,1M K3PO4(aq.),THF,0.125,PENDING,PENDING,0.0,0.34131554978253575,23.547955175668164,6.864781740982366e-05,12.728745573149318,11.39978295828452,3.83007176051868e-13
178,P(tBu)3,CsF(aq.),THF,0.125,PENDING,PENDING,0.0,2.617007231396137,22.751671982270665,5.3362113618855584e-05,12.545155259176788,11.559803471575691,7.266415662813721e-13
177,P(tBu)3,s. NaHCO3(aq.),THF,0.125,PENDING,PENDING,0.0,5.325362942266523,23.81469683983785,0.00021982404147345962,12.345093319795453,11.564743318568963,6.540828129542724e-13
176,P(tBu)3,NaOH(aq.),THF,0.125,PENDING,PENDING,0.0,3.5250460291604355,24.206370886092593,0.0002133012897345887,14.583180701614424,12.296648219094722,5.2912822782399964e-11
175,Xanthphos,None,MeCN,0.0625,PENDING,PENDING,0.0,-2.748949081038525,26.815044992661594,0.0004527774631480491,9.479568623806706,19.439528609085365,2.152469599088616e-05
174,Xanthphos,KOAc,MeCN,0.0625,PENDING,PENDING,0.0,-1.0781193398349345,25.566435470884016,0.0002571236270609992,10.192164622738296,18.974504699502916,1.4947871517744817e-05
173,Xanthphos,Cs2CO3(aq.),MeCN,0.0625,PENDING,PENDING,0.0,-0.7445117849994887,26.387937938295813,0.0004736981960642818,8.652758441507046,19.526288074863047,1.9374810874494674e-05
172,Xanthphos,KOH(aq.),MeCN,0.0625,PENDING,PENDING,0.0,-0.404152891379006,25.738699053169913,0.0003249601872314361,7.788744545845205,19.201684458591984,1.0614862330376475e-05
171,Xanthphos,1M K3PO4(aq.),MeCN,0.0625,PENDING,PENDING,0.0,-1.224041656324303,25.635523363796466,0.0002633596192489901,8.646613697373063,18.878270335843787,8.88702139412734e-06
170,Xanthphos,CsF(aq.),MeCN,0.0625,PENDING,PENDING,0.0,1.1293753084904736,27.478303875256074,0.0012185247196049576,8.841426734210614,19.293586227367598,1.5496911596904668e-05
169,Xanthphos,s. NaHCO3(aq.),MeCN,0.0625,PENDING,PENDING,0.0,3.334463768156631,26.064347496788365,0.0007400863222650437,8.299409333088938,18.97574944197764,9.167646553580696e-06
168,Xanthphos,NaOH(aq.),MeCN,0.0625,PENDING,PENDING,0.0,2.030967815250051,26.05702354987633,0.0005982336171474686,10.139773056221841,19.06511914072684,1.6434043977883088e-05
167,dppf,None,MeCN,0.0625,PENDING,PENDING,0.0,2.543556624234121,12.903239310016401,5.699369337157341e-14,11.955894611568667,9.540638055309346,1.5763930907583107e-18
165,dppf,Cs2CO3(aq.),MeCN,0.0625,PENDING,PENDING,0.0,4.866394826113208,11.519389310671787,1.799371546240321e-16,11.002560985901333,9.800763385567002,5.3143415747973444e-18
164,dppf,KOH(aq.),MeCN,0.0625,PENDING,PENDING,0.0,5.359388500012891,9.38258519528017,6.901492855982099e-24,9.811076083113157,8.969432807997539,9.0381382118658e-22
163,dppf,1M K3PO4(aq.),MeCN,0.0625,PENDING,PENDING,0.0,4.444055056386674,8.600333975556733,1.2059724072535562e-28,11.108721590465521,7.663483677338453,2.090505398343387e-28
162,dppf,CsF(aq.),MeCN,0.0625,PENDING,PENDING,0.0,6.479259540117695,15.119040885728557,1.014633517205509e-09,11.119299709954682,9.116536731328432,1.5725653720653945e-20
161,dppf,s. NaHCO3(aq.),MeCN,0.0625,PENDING,PENDING,0.0,8.881613789495105,11.589943447674516,4.724190106847632e-15,10.4964792901402,8.287638247781862,7.374427443024791e-25
160,dppf,NaOH(aq.),MeCN,0.0625,PENDING,PENDING,0.0,8.218333281855685,12.144253906338879,5.327704899139649e-14,13.191810092454041,9.046197179370905,6.796581751415069e-20
159,XPhos,None,MeCN,0.0625,PENDING,PENDING,0.0,4.130122262515272,18.599866684254454,5.442513446586517e-07,9.174245997778499,9.113601371137996,2.0008519631110504e-21
158,XPhos,KOAc,MeCN,0.0625,PENDING,PENDING,0.0,7.130173068433301,17.16327021694023,1.2219412300858408e-07,10.242431038897926,7.830004364839817,8.287170236609041e-28
157,XPhos,Cs2CO3(aq.),MeCN,0.0625,PENDING,PENDING,0.0,6.268000586817905,17.810522279158853,2.896126663445575e-07,8.319255532174516,9.377113684582527,1.0812516053673441e-20
156,XPhos,KOH(aq.),MeCN,0.0625,PENDING,PENDING,0.0,7.03386430092943,16.806623923289656,6.007961417718322e-08,7.249144485839743,8.46260312990687,1.2319517547896333e-25
155,XPhos,1M K3PO4(aq.),MeCN,0.0625,PENDING,PENDING,0.0,6.331989344769276,16.355266056851974,1.854560110267738e-08,8.248909439966617,7.148029417725228,1.6985580047237554e-34
154,XPhos,CsF(aq.),MeCN,0.0625,PENDING,PENDING,0.0,8.721773930563508,20.142955903967145,1.4555300897495477e-05,8.388967461715957,8.682499340078106,7.541125736178898e-24
152,XPhos,NaOH(aq.),MeCN,0.0625,PENDING,PENDING,0.0,12.662543567471921,18.376605867747386,4.4919870022064e-06,10.649951684912018,8.521188160795583,1.6048047592403727e-23
151,dtbpf,None,MeCN,0.0625,PENDING,PENDING,0.0,-0.16137622290281683,14.520875918813251,7.928707490561739e-12,6.98471512148155,9.378331857047888,2.817900442438919e-21
150,dtbpf,KOAc,MeCN,0.0625,PENDING,PENDING,0.0,1.7110862252700159,11.314158081596041,4.415995497080694e-18,7.409740719364571,8.876058633112999,2.28816978692559e-23
149,dtbpf,Cs2CO3(aq.),MeCN,0.0625,PENDING,PENDING,0.0,2.1182996069110445,13.361743241197143,3.2952347778011605e-13,6.3603357116532635,9.655320991832848,2.0307396512113877e-20
148,dtbpf,KOH(aq.),MeCN,0.0625,PENDING,PENDING,0.0,2.581584200803647,11.691453934098655,9.690612833306447e-17,5.725940410801577,9.301722475684302,3.5475335632916794e-22
147,dtbpf,1M K3PO4(aq.),MeCN,0.0625,PENDING,PENDING,0.0,1.6688238496216314,11.069268340035924,7.603247672064834e-19,6.191860481048522,7.260570510922106,5.333058834239455e-35
146,dtbpf,CsF(aq.),MeCN,0.0625,PENDING,PENDING,0.0,3.8139770340908683,16.177376128017176,4.84255997843211e-09,6.570062805503817,9.141007573280959,1.640486501505557e-22
144,dtbpf,NaOH(aq.),MeCN,0.0625,PENDING,PENDING,0.0,5.1955793017769665,8.128591739203156,2.155660535962324e-31,5.879502418596822,7.652247179856581,6.794052448351671e-32
143,SPhos,None,MeCN,0.0625,PENDING,PENDING,0.0,1.9481469749016895,13.28012636466321,2.1216767360961295e-13,8.882490606510949,10.057867235631015,5.878354409812737e-18
142,SPhos,KOAc,MeCN,0.0625,PENDING,PENDING,0.0,3.8489137346859366,9.522579142619001,6.223713469541795e-24,9.863691438786013,8.685501118124991,4.336201849472743e-23
141,SPhos,Cs2CO3(aq.),MeCN,0.0625,PENDING,PENDING,0.0,4.274536464236725,11.954017125262837,1.4664734110522345e-15,7.931855061324512,10.2937890182297,1.494854700878247e-17
140,SPhos,KOH(aq.),MeCN,0.0625,PENDING,PENDING,0.0,4.792026775579885,8.658160467239037,4.311692908031352e-28,6.778937708793919,8.537499328565413,1.81660317382356e-25
139,SPhos,1M K3PO4(aq.),MeCN,0.0625,PENDING,PENDING,0.0,3.857245848698817,9.209954930852529,1.7879000552624113e-25,7.916211397156779,8.36446877885517,7.803566998163211e-26
138,SPhos,CsF(aq.),MeCN,0.0625,PENDING,PENDING,0.0,5.877786015773857,15.602003266659468,2.742378659010394e-09,8.006597344554123,9.77342016261219,2.73698680438192e-19
137,SPhos,s. NaHCO3(aq.),MeCN,0.0625,PENDING,PENDING,0.0,7.957186482726648,11.749352892886359,5.950244193344251e-15,7.246550351162561,8.77937490015107,6.222995639928929e-24
136,SPhos,NaOH(aq.),MeCN,0.0625,PENDING,PENDING,0.0,7.685975920826124,12.451853556878811,1.628914561519324e-13,10.227387571669794,9.35406126307531,5.894437626104292e-20
135,CataCXium A,None,MeCN,0.125,PENDING,PENDING,0.0,1.4816296430224938,19.777309231841237,1.4489064714129837e-06,20.05084975135601,11.108382789466356,1.1292582875270074e-11
134,CataCXium A,KOAc,MeCN,0.125,PENDING,PENDING,0.0,2.517355571255358,18.365042085520166,2.3005391452463615e-07,20.72248803768739,9.564482361256191,4.499726061687249e-15
133,CataCXium A,Cs2CO3(aq.),MeCN,0.125,PENDING,PENDING,0.0,3.874082506911492,19.069381361638133,1.025514519090146e-06,18.822667511442774,11.316995927891947,1.2872626921578393e-11
132,CataCXium A,KOH(aq.),MeCN,0.125,PENDING,PENDING,0.0,3.896974498218732,18.312389627109685,3.2102681058162664e-07,17.992630700586304,10.902557953410133,1.1415174853993921e-12
131,CataCXium A,1M K3PO4(aq.),MeCN,0.125,PENDING,PENDING,0.0,2.9732885588783375,17.777562582800645,9.588456383471393e-08,19.101788975753635,9.653384580550036,2.0885764337254425e-15
130,CataCXium A,CsF(aq.),MeCN,0.125,PENDING,PENDING,0.0,5.179233811380634,17.042422664114277,5.026798130502691e-08,18.889917754309266,10.359100441742564,1.2942348646148288e-13
129,CataCXium A,s. NaHCO3(aq.),MeCN,0.125,PENDING,PENDING,0.0,7.916682154371095,18.64142428016482,1.7244967966402425e-06,18.45560244975576,10.077762988383785,1.8431734385016887e-14
128,CataCXium A,NaOH(aq.),MeCN,0.125,PENDING,PENDING,0.0,6.743363163648823,17.656935953559607,2.590270520248899e-07,21.144932399265954,10.115792294170273,1.7921238549431094e-13
127,P(o-Tol)3,None,MeCN,0.125,PENDING,PENDING,0.0,6.168133736051743,17.149217539981304,8.630731284574734e-08,18.0517736271229,9.811092890771391,2.4861999919449098e-15
125,P(o-Tol)3,Cs2CO3(aq.),MeCN,0.125,PENDING,PENDING,0.0,8.875347775714303,16.263096058300906,3.858591931995356e-08,16.774726927003094,10.04552300892112,4.0030414324614845e-15
124,P(o-Tol)3,KOH(aq.),MeCN,0.125,PENDING,PENDING,0.0,8.798213427896833,15.425191054748424,5.756566852712942e-09,15.995557853624177,9.68609169241693,1.847644012775045e-16
123,P(o-Tol)3,1M K3PO4(aq.),MeCN,0.125,PENDING,PENDING,0.0,7.869869023205247,14.60203934791652,4.4395986432872215e-10,17.062268887941713,8.079819975578388,1.8886261854358156e-22
122,P(o-Tol)3,CsF(aq.),MeCN,0.125,PENDING,PENDING,0.0,9.61847683890462,10.411733280306429,4.5438596439690934e-18,16.788923633629892,8.340087993907332,2.6568274580197944e-21
121,P(o-Tol)3,s. NaHCO3(aq.),MeCN,0.125,PENDING,PENDING,0.0,11.535688052172773,17.144416263813802,4.962995433033186e-07,16.45347613740524,8.789569877649402,1.7662089885532393e-19
120,P(o-Tol)3,NaOH(aq.),MeCN,0.125,PENDING,PENDING,0.0,11.851589509292353,15.660357052654895,3.230758016098503e-08,19.222121899190064,8.751546078432217,2.152570455778145e-18
119,P(Cy)3,None,MeCN,0.125,PENDING,PENDING,0.0,5.098323444009289,14.248759570047325,4.133243126589133e-11,21.9027213733375,9.124658321270328,5.822994382884228e-16
117,P(Cy)3,Cs2CO3(aq.),MeCN,0.125,PENDING,PENDING,0.0,3.849710319785636,13.220182658920358,4.85811825862363e-13,20.602565658612242,9.427189271313729,1.6026054434319854e-15
116,P(Cy)3,KOH(aq.),MeCN,0.125,PENDING,PENDING,0.0,3.6388864915425074,12.095985634311413,2.067749998421141e-15,19.770114414898636,8.897203173467602,1.30961419932934e-17
115,P(Cy)3,1M K3PO4(aq.),MeCN,0.125,PENDING,PENDING,0.0,3.190001692392869,10.553904028513406,5.258456114336988e-20,20.92363989474901,7.186157055765657,1.9530780367941703e-25
114,P(Cy)3,CsF(aq.),MeCN,0.125,PENDING,PENDING,0.0,5.665596774091171,18.109495873269353,3.947451974445027e-07,20.669142169669605,8.349860404932643,2.284975033335525e-19
113,P(Cy)3,s. NaHCO3(aq.),MeCN,0.125,PENDING,PENDING,0.0,-1.16079626365471,23.456332154525956,4.703566353171239e-05,20.171903930154294,7.934592880670895,1.5119725088157662e-21
112,P(Cy)3,NaOH(aq.),MeCN,0.125,PENDING,PENDING,0.0,0.43094218312092636,19.166402146010576,4.4560586618797897e-07,22.885865161947088,8.162699490380124,4.1169254254447088e-19
111,AmPhos,None,MeCN,0.125,PENDING,PENDING,0.0,3.66432056733111,17.192625988939298,4.0120223276301757e-08,20.593739619675475,9.032819388651626,8.662087783123092e-17
110,AmPhos,KOAc,MeCN,0.125,PENDING,PENDING,0.0,4.768960064956623,15.430778683116877,1.1262652785370915e-09,21.363769742488643,6.921043171794629,5.456717924834404e-27
109,AmPhos,Cs2CO3(aq.),MeCN,0.125,PENDING,PENDING,0.0,6.12707788973259,16.319781792113922,1.5931126541987868e-08,19.33912403700247,9.303917829639243,2.169937678899593e-16
108,AmPhos,KOH(aq.),MeCN,0.125,PENDING,PENDING,0.0,6.167397333817526,15.366134105822907,1.7022197994722173e-09,18.48497143633761,8.771732541275147,1.2179431585766059e-18
107,AmPhos,1M K3PO4(aq.),MeCN,0.125,PENDING,PENDING,0.0,5.230718961847437,14.685391858486378,1.71808323192035e-10,19.636945715350627,7.060941938865507,3.869746196244035e-27
106,AmPhos,CsF(aq.),MeCN,0.125,PENDING,PENDING,0.0,7.315129066762488,13.568252786618478,1.2217405562908923e-11,19.377016454055408,8.01408180515607,1.4476297756754758e-21
105,AmPhos,s. NaHCO3(aq.),MeCN,0.125,PENDING,PENDING,0.0,9.617835916304038,15.78029868844246,1.8037709025769676e-08,18.92065566054781,7.682811390401217,1.378655976391974e-23
104,AmPhos,NaOH(aq.),MeCN,0.125,PENDING,PENDING,0.0,9.305816642916831,14.480134230885675,5.965220186306304e-10,21.754166913189586,7.723980825735586,8.849883216886766e-22
103,P(Ph)3,None,MeCN,0.125,PENDING,PENDING,0.0,10.78542065141415,15.602006712868876,1.8932011514284326e-08,30.308592985090264,9.034956272901047,4.56926670729869e-13
102,P(Ph)3,KOAc,MeCN,0.125,PENDING,PENDING,0.0,11.805968621476282,14.083287930805586,5.900386669183587e-10,31.055957261909946,7.708778702910968,4.4642788886251624e-17
101,P(Ph)3,Cs2CO3(aq.),MeCN,0.125,PENDING,PENDING,0.0,12.577267868925404,14.577007200866234,3.272504323539487e-09,29.097909497431807,9.301690669489261,8.219607855995137e-13
100,P(Ph)3,KOH(aq.),MeCN,0.125,PENDING,PENDING,0.0,12.71779963369773,13.44122558425391,1.2411576606238305e-10,28.28641059772793,8.916519190817603,3.9141168099743386e-14
99,P(Ph)3,1M K3PO4(aq.),MeCN,0.125,PENDING,PENDING,0.0,11.885827127506744,12.60061933403418,3.6982450086076276e-12,29.52405319755325,7.040760944649236,4.64915033144538e-21
98,P(Ph)3,CsF(aq.),MeCN,0.125,PENDING,PENDING,0.0,12.97051110826498,15.994731301537877,9.771419070763117e-08,29.11155931662016,8.573596116531416,7.63195229817568e-15
97,P(Ph)3,s. NaHCO3(aq.),MeCN,0.125,PENDING,PENDING,0.0,13.689363031886813,9.689694045761117,5.868993065111621e-19,28.672517544583428,7.288289503194359,3.150472878724e-20
95,P(tBu)3,None,MeCN,0.125,PENDING,PENDING,0.0,0.17590584903483375,25.242627889703954,0.0002531648377624707,19.18772545507757,12.575816379127126,1.5731964578584913e-09
94,P(tBu)3,KOAc,MeCN,0.125,PENDING,PENDING,0.0,1.2043098891147181,24.363203013587867,0.00015767366321405712,19.883686380384383,11.342284773837001,2.748566182751554e-11
93,P(tBu)3,Cs2CO3(aq.),MeCN,0.125,PENDING,PENDING,0.0,2.4039614250471644,24.777317521745154,0.0002667216705588265,17.983173197004497,12.75257242661599,1.4895484182740381e-09
92,P(tBu)3,KOH(aq.),MeCN,0.125,PENDING,PENDING,0.0,2.4037952504229665,24.29466069209444,0.00018611534021516479,17.17235935639176,12.399887366438193,3.1203803176884116e-10
91,P(tBu)3,1M K3PO4(aq.),MeCN,0.125,PENDING,PENDING,0.0,1.5392843305078685,23.952622767083547,0.00012119501234987779,18.24010898211123,11.36961616244747,1.1232686353917997e-11
90,P(tBu)3,CsF(aq.),MeCN,0.125,PENDING,PENDING,0.0,3.8632667283176545,23.67233774938693,0.00014978414910410886,18.07123958949323,11.956035011693784,1.0504191510944409e-10
89,P(tBu)3,s. NaHCO3(aq.),MeCN,0.125,PENDING,PENDING,0.0,6.637446294217746,24.458465955832736,0.0004447314613493722,17.62880546258115,11.697978114546148,3.0133991528180374e-11
88,P(tBu)3,NaOH(aq.),MeCN,0.125,PENDING,PENDING,0.0,4.650512653856154,23.892558853744234,0.00020613803974257276,20.120311570058035,11.733048170844409,1.4632107987028176e-10
87,Xanthphos,None,MeOH,0.0625,PENDING,PENDING,0.0,-6.153452664226329,14.241983157341117,1.29209675293884e-13,45.97655724126527,10.006995417052615,8.749277089220547e-07
86,Xanthphos,KOAc,MeOH,0.0625,PENDING,PENDING,0.0,-1.6086106135654248,13.97265103867636,5.049734602188293e-13,45.75427559054157,9.772319427497965,4.0322172527671353e-07
85,Xanthphos,Cs2CO3(aq.),MeOH,0.0625,PENDING,PENDING,0.0,0.6325905658080515,13.681026627700712,5.329164200560413e-13,44.11751675480767,10.208515424165403,5.67409361467587e-07
84,Xanthphos,KOH(aq.),MeOH,0.0625,PENDING,PENDING,0.0,0.7152027111719903,12.986918814975756,2.7901923731063958e-14,43.646324159787895,9.972197472326632,2.254624907295358e-07
83,Xanthphos,1M K3PO4(aq.),MeOH,0.0625,PENDING,PENDING,0.0,-0.3895532479002455,12.659538869313502,2.840587864617091e-15,45.59336134261693,8.942919409437721,2.3819444557199772e-08
82,Xanthphos,CsF(aq.),MeOH,0.0625,PENDING,PENDING,0.0,11.451791150854667,16.272868198047952,9.87416002432536e-08,47.28877290969168,10.014039749798615,1.7648042698468531e-06
81,Xanthphos,s. NaHCO3(aq.),MeOH,0.0625,PENDING,PENDING,0.0,11.746365820730546,17.180365612118347,5.637395606890678e-07,46.189651058388705,9.525002568236092,2.468662506162371e-07
79,dppf,None,MeOH,0.0625,PENDING,PENDING,0.0,18.674689993480015,8.050150634738145,5.838434659696262e-24,62.40641784935131,6.877440762067081,1.3523382645544793e-06
78,dppf,KOAc,MeOH,0.0625,PENDING,PENDING,0.0,24.054819892109993,7.62798251117944,2.5694504734672681e-23,62.2501653492332,6.556240274379119,3.3518186019457494e-07
77,dppf,Cs2CO3(aq.),MeOH,0.0625,PENDING,PENDING,0.0,27.484292247908844,7.347508303524748,6.132654567472063e-23,60.106125981098295,7.12096978193486,6.072715770704729e-07
75,dppf,1M K3PO4(aq.),MeOH,0.0625,PENDING,PENDING,0.0,26.836081892982104,5.932508077467438,7.65861792359521e-35,62.482063051004346,5.83023980226495,1.1037111437225676e-08
74,dppf,CsF(aq.),MeOH,0.0625,PENDING,PENDING,0.0,39.35478886649707,10.708041528303557,2.0683445682234588e-08,64.26688682223957,7.051532814780131,9.152523148559232e-06
72,dppf,NaOH(aq.),MeOH,0.0625,PENDING,PENDING,0.0,47.57473496007748,7.738942807964136,1.415434533670523e-11,62.86451312902521,6.5280802739121215,4.913815721044363e-07
67,XPhos,1M K3PO4(aq.),MeOH,0.0625,PENDING,PENDING,0.0,47.06410087806648,4.4284804257769395,9.989573345417266e-33,74.25812261745509,3.9859882960059205,6.2177824309238e-08
66,XPhos,CsF(aq.),MeOH,0.0625,PENDING,PENDING,0.0,56.460895698936206,12.296550308358704,0.0007918884051942993,75.75355639862501,5.6187088119504995,0.00041530123438017486
63,dtbpf,None,MeOH,0.0625,PENDING,PENDING,0.0,7.367630285307101,11.033132905420558,5.5157249385603173e-17,25.186194253441855,10.424188240250764,1.4970115645019205e-11
62,dtbpf,KOAc,MeOH,0.0625,PENDING,PENDING,0.0,12.630557215613209,10.73734613356479,4.836447848438632e-16,24.96987937001836,10.165284430432825,3.748209296064517e-12
61,dtbpf,Cs2CO3(aq.),MeOH,0.0625,PENDING,PENDING,0.0,15.850636064519293,10.58785502282973,2.2737763717390024e-15,23.92195501385354,10.649043450118302,1.7937990008811627e-11
60,dtbpf,KOH(aq.),MeOH,0.0625,PENDING,PENDING,0.0,16.096099608530203,9.440595572732668,6.980347233813941e-19,23.507804245683573,10.387363183984395,4.018925577403755e-12
59,dtbpf,1M K3PO4(aq.),MeOH,0.0625,PENDING,PENDING,0.0,14.972496915510177,9.798649110940387,4.5920309061918075e-18,24.427865824387666,8.927714285955128,1.3589733785766664e-15
58,dtbpf,CsF(aq.),MeOH,0.0625,PENDING,PENDING,0.0,28.064767521592824,12.946921803941997,4.354776556593112e-08,25.94378098824702,10.32182378270278,1.555437996114493e-11
56,dtbpf,NaOH(aq.),MeOH,0.0625,PENDING,PENDING,0.0,36.28457188846672,10.121645907703504,3.962551406244737e-10,24.633019485968752,10.349701183161311,7.266850119769182e-12
55,SPhos,None,MeOH,0.0625,PENDING,PENDING,0.0,14.483683423628257,9.165974844661141,1.1678514093996744e-20,66.09454964581349,6.582335842520969,7.263852840982705e-06
54,SPhos,KOAc,MeOH,0.0625,PENDING,PENDING,0.0,19.84796400110223,8.787440015290061,8.147222213268654e-20,65.92868994274566,6.279367618863256,2.1406910369244634e-06
53,SPhos,Cs2CO3(aq.),MeOH,0.0625,PENDING,PENDING,0.0,23.247203973230427,8.623252107014634,6.090174863028143e-19,63.73192180282604,6.838689209403208,3.1242690993957267e-06
52,SPhos,KOH(aq.),MeOH,0.0625,PENDING,PENDING,0.0,23.56960837399411,7.243378819992429,5.471867279597871e-26,63.2195230663011,6.414824238901615,4.0774704392262217e-07
51,SPhos,1M K3PO4(aq.),MeOH,0.0625,PENDING,PENDING,0.0,22.505414607014668,7.646495259700303,4.206269839953271e-24,66.31942009641497,5.632978415472626,1.6893568592669125e-07
50,SPhos,CsF(aq.),MeOH,0.0625,PENDING,PENDING,0.0,35.349290586318986,11.409000550982665,2.10537626993467e-08,68.04516880875909,6.807508674284937,5.499915984962249e-05
47,CataCXium A,None,MeOH,0.125,PENDING,PENDING,0.0,39.363487920638704,6.8656003094199995,1.1128691238565125e-18,78.60158851381868,5.813420828434476,0.003924220392038276
45,CataCXium A,Cs2CO3(aq.),MeOH,0.125,PENDING,PENDING,0.0,49.66668858343489,6.441242366816975,5.968259920348484e-15,75.10344521617225,6.19211816404841,0.0010370528096041807
44,CataCXium A,KOH(aq.),MeOH,0.125,PENDING,PENDING,0.0,48.11470438443235,5.990688651532238,5.119673485497583e-18,75.3185069161454,5.942091727343586,0.0006831220270633511
43,CataCXium A,1M K3PO4(aq.),MeOH,0.125,PENDING,PENDING,0.0,46.93560746323649,5.713909763422392,1.7891843818132663e-20,78.10791683833313,4.838174325072488,0.0002727727416114581
42,CataCXium A,CsF(aq.),MeOH,0.125,PENDING,PENDING,0.0,61.1926012975362,6.927957870094552,2.44546276846726e-08,79.85440041315142,5.828659921432392,0.00818002551548859
35,P(o-Tol)3,1M K3PO4(aq.),MeOH,0.125,PENDING,PENDING,0.0,72.38839249961126,4.0424689565437895,9.646698536837536e-12,78.8172434156072,3.6626325066637206,3.3749639546908343e-06
23,AmPhos,None,MeOH,0.125,PENDING,PENDING,0.0,50.538008367381046,5.529018165619561,4.14848953440546e-19,82.83024923753969,4.608469219344064,0.005575277100551515
21,AmPhos,Cs2CO3(aq.),MeOH,0.125,PENDING,PENDING,0.0,61.61829510989943,5.253340706654167,2.986983765031849e-13,79.1353521500656,5.108737328002752,0.001259456822136646
20,AmPhos,KOH(aq.),MeOH,0.125,PENDING,PENDING,0.0,60.008801908805765,4.903903113019945,3.960016414046432e-16,79.41896056686622,4.837439309903541,0.0007757595131534147
19,AmPhos,1M K3PO4(aq.),MeOH,0.125,PENDING,PENDING,0.0,58.912457077267504,4.900982755353075,5.884252700538887e-17,82.42450347023606,3.7086920361061897,0.0003043354539200415
7,P(tBu)3,None,MeOH,0.125,PENDING,PENDING,0.0,27.214787913336576,10.792094741671288,1.982958549022263e-11,74.17644226704321,6.7498473147464635,0.0018184337228356988
6,P(tBu)3,KOAc,MeOH,0.125,PENDING,PENDING,0.0,28.435652964337976,10.224941831352073,3.192578899713049e-12,73.00965650022101,6.356423551015577,0.0004136177162372993
5,P(tBu)3,Cs2CO3(aq.),MeOH,0.125,PENDING,PENDING,0.0,36.00989521317844,10.305795891271645,6.969884475461059e-10,70.83210393574501,7.074056841484098,0.0005483872809638442
4,P(tBu)3,KOH(aq.),MeOH,0.125,PENDING,PENDING,0.0,34.72726603046387,9.848376403934633,4.243404561250652e-11,70.99499286931709,6.838394596280978,0.00036500511505294445
3,P(tBu)3,1M K3PO4(aq.),MeOH,0.125,PENDING,PENDING,0.0,33.590909182204896,9.426477278547678,2.2163379645455517e-12,73.59572316518836,5.81951103950941,0.00015543259270203464
2,P(tBu)3,CsF(aq.),MeOH,0.125,PENDING,PENDING,0.0,46.515667220249064,11.751706717974079,8.859540656645028e-06,75.3704858362856,6.7571594689662975,0.003442960343905163
320,dtbpf,NaOH(aq.),DMF,0.0625,3.8,0.0,-1.0,4.150606413796595,4.505418163916889,9.068847096499097e-100,3.806661930645653,6.456375230822255,5.017967898750274e-46
233,dtbpf,s. NaHCO3(aq.),THF,0.0625,5.4,9.25925925925926,-1.0,5.347355804341447,4.2483774028752705,3.6609011949125886e-109,6.026950579930862,6.300731615997522,5.121930749049457e-46
228,SPhos,KOH(aq.),THF,0.0625,4.300000000000001,0.0,-1.0,3.962137155190355,4.456345577851307,2.5661125019100213e-102,1.7876289996170343,6.817222737748731,3.0472836305954175e-43
210,P(o-Tol)3,CsF(aq.),THF,0.125,7.700000000000001,6.493506493506493,-1.0,8.066954721581602,4.573357187531559,2.7132383771971703e-89,10.796089027639496,6.599110128941392,5.928807457009107e-38
185,P(Ph)3,s. NaHCO3(aq.),THF,0.125,11.6,22.41379310344828,-1.0,11.970290199689266,4.534470242331246,2.125685834745544e-83,22.84883223409998,6.3963022270209375,3.937172013252597e-30
166,dppf,KOAc,MeCN,0.0625,4.5,15.555555555555555,-1.0,4.4533456791482,4.48036056741457,3.094392403749239e-100,13.082568227027267,6.720925799932095,8.324768624810312e-35
153,XPhos,s. NaHCO3(aq.),MeCN,0.0625,11.2,1.785714285714286,-1.0,11.614761244598526,4.591021498987073,4.647573138603963e-82,7.523340808533561,6.6094655943388,1.1420650453377624e-40
145,dtbpf,s. NaHCO3(aq.),MeCN,0.0625,7.1,7.042253521126761,-1.0,6.631681988481986,4.287079129517464,2.093056919938389e-104,6.7857511200682765,6.280243625136613,1.479011539484925e-45
118,P(Cy)3,KOAc,MeCN,0.125,3.8,23.68421052631579,-1.0,4.237715858796783,4.636272796584444,3.47677036345556e-94,22.684148093318555,6.438755204577239,6.934142601344141e-30
96,P(Ph)3,NaOH(aq.),MeCN,0.125,16.7,36.52694610778443,-1.0,16.614716301285547,4.537371862335704,6.264141734323999e-75,31.45199663183714,6.483564275115025,3.152343937908128e-23
80,Xanthphos,NaOH(aq.),MeOH,0.0625,12.2,41.80327868852459,-1.0,13.257127269838186,4.5888983794187395,3.5370050932991824e-79,45.18956122719287,7.505309517163175,1.6068955467257397e-11
76,dppf,KOH(aq.),MeOH,0.0625,28.3,49.1166077738516,-1.0,27.88486714172984,4.280846770931304,3.3147081399898233e-63,58.861305936284545,5.687900915020495,8.135728555379496e-11
73,dppf,s. NaHCO3(aq.),MeOH,0.0625,36.3,67.49311294765839,-1.0,35.6791300722244,4.104624431259718,6.685053327867289e-55,63.256157321556,5.532717481995902,3.992307153962693e-09
71,XPhos,None,MeOH,0.0625,33.5,63.28358208955224,-1.0,35.831818195320665,4.166199119332905,4.1175688098692087e-53,73.28182402209634,4.7978986896674645,2.6760975892872773e-06
70,XPhos,KOAc,MeOH,0.0625,51.4,74.12451361867704,-1.0,49.09761186746745,4.11299337283374,6.499625887941209e-35,73.67462995266898,4.543492093701177,1.0914166293276801e-06
69,XPhos,Cs2CO3(aq.),MeOH,0.0625,41.0,70.73170731707317,-1.0,43.835465163716876,4.035116665251815,1.111045563684365e-43,71.3511545843203,5.023256023028193,1.1324168781672932e-06
68,XPhos,KOH(aq.),MeOH,0.0625,46.0,72.6086956521739,-1.0,47.05706763460983,3.8445162354483426,9.314242215373487e-43,71.00867095048025,4.722908720786741,1.486343653067502e-07
65,XPhos,s. NaHCO3(aq.),MeOH,0.0625,79.39999999999999,83.50125944584383,-1.0,76.66170460247847,4.450226089664381,1.680016088227441e-07,74.83497247560496,4.193709380409742,5.534599538784339e-07
64,XPhos,NaOH(aq.),MeOH,0.0625,77.9,83.31193838254171,-1.0,75.46039232437577,4.369437955673681,2.0967636290921628e-08,74.7321139308709,4.464545898252184,2.3181965617032413e-06
57,dtbpf,s. NaHCO3(aq.),MeOH,0.0625,19.6,21.428571428571427,-1.0,21.578824058328685,4.3736895801714395,2.2144730540219764e-71,24.503348723069415,7.674272663268865,1.4970267113665574e-20
49,SPhos,s. NaHCO3(aq.),MeOH,0.0625,28.0,58.57142857142858,-1.0,29.765050090587696,4.148986899740329,8.908038263432472e-64,66.53918782272615,5.302885660639943,3.388759862067897e-08
48,SPhos,NaOH(aq.),MeOH,0.0625,45.2,72.34513274336285,-1.0,44.246811394317405,4.325173872631587,9.276938657635036e-38,66.89064056597044,5.372392348549861,7.373464696980945e-08
46,CataCXium A,KOAc,MeOH,0.125,38.7,69.50904392764858,-1.0,39.657860325948235,3.8984348932425963,1.4567784400354708e-53,77.06287316562324,4.784061304797135,9.353165404189659e-05
41,CataCXium A,s. NaHCO3(aq.),MeOH,0.125,66.3,81.14630467571644,-1.0,64.89612949422413,4.070052215669762,8.240703033878562e-18,78.45417047717416,4.671463942034975,0.0002145748837857251
40,CataCXium A,NaOH(aq.),MeOH,0.125,56.400000000000006,78.0141843971631,-1.0,58.789581787307235,3.964832003678822,4.101378208164578e-25,77.10543767026034,4.740218827338433,8.306651113520395e-05
39,P(o-Tol)3,None,MeOH,0.125,59.39999999999999,76.26262626262627,-1.0,62.28942535617408,3.915223617041566,8.538914655686522e-22,79.17056981809858,4.472062295596786,0.00020661723118646416
38,P(o-Tol)3,KOAc,MeOH,0.125,67.8,74.63126843657818,-1.0,65.5297934309259,3.52147281961092,2.0949470635805882e-22,77.92874306870559,4.0775785944106815,1.137567192464653e-05
37,P(o-Tol)3,Cs2CO3(aq.),MeOH,0.125,79.5,66.41509433962264,-1.0,75.63491519838509,3.778610641791271,1.2939461365745246e-10,75.35252995194988,4.7983679492919,2.0699172139000753e-05
36,P(o-Tol)3,KOH(aq.),MeOH,0.125,74.5,75.16778523489933,-1.0,73.36992835237687,3.5919335898150324,1.5479819997948354e-13,75.9391577064916,4.590045996919582,1.5137859029012068e-05
34,P(o-Tol)3,CsF(aq.),MeOH,0.125,83.79999999999998,82.69689737470168,-1.0,84.01657376741431,3.8480252133476003,3.491898781681391e-05,80.59619725773408,4.481450911160866,0.0007333969642979513
33,P(o-Tol)3,s. NaHCO3(aq.),MeOH,0.125,76.5,84.70588235294117,-1.0,78.62103367480051,4.02083513860521,1.1338156154407719e-07,79.19798178310404,3.8864822318851155,1.8732411077223025e-05
32,P(o-Tol)3,NaOH(aq.),MeOH,0.125,83.99999999999999,83.45238095238095,-1.0,84.05108576548396,3.8521373074544356,3.70306614552163e-05,77.94069334419109,4.047690316440825,9.912067882930474e-06
31,P(Cy)3,None,MeOH,0.125,76.7,92.4380704041721,-1.0,75.4116672163862,4.398133224534945,2.4285240003453518e-08,83.0573177899785,4.76673294078313,0.00888122250004078
30,P(Cy)3,KOAc,MeOH,0.125,80.60000000000001,94.04466501240694,-1.0,78.4919608938632,4.387379317121517,1.0150382446420144e-06,81.85553738683976,4.378043442422878,0.001547650737957873
25,P(Cy)3,s. NaHCO3(aq.),MeOH,0.125,33.9,70.50147492625368,-1.0,35.39999298720402,4.569404895755018,4.280853271083821e-45,82.23888603654757,4.253422564983357,0.0015120865755092576
24,P(Cy)3,NaOH(aq.),MeOH,0.125,46.5,71.82795698924731,-1.0,48.23184372058568,4.51774106988322,3.183643976591418e-30,80.81128379346235,4.353865005611278,0.0006008460100100478
22,AmPhos,KOAc,MeOH,0.125,43.7,72.31121281464532,-1.0,50.91635308206328,3.4581930495624635,3.254907880402211e-45,81.5108064962843,3.824587022756738,0.00018352206521502152
18,AmPhos,CsF(aq.),MeOH,0.125,77.3,90.03880983182407,-1.0,73.2034204763984,3.8007012786092313,2.115745045870352e-12,84.15579650652639,4.4556209709627455,0.01031582317454531
17,AmPhos,s. NaHCO3(aq.),MeOH,0.125,75.39999999999999,90.18567639257296,-1.0,72.96000674081101,3.63332507889236,1.2430765141277416e-13,82.62067765738534,3.6012249086672568,0.00024538004023401784
16,AmPhos,NaOH(aq.),MeOH,0.125,75.2,89.49468085106382,-1.0,73.09035545233726,3.531768087229015,3.3187075956482625e-14,81.18948115938753,3.69749630976699,7.50742607940134e-05
15,P(Ph)3,None,MeOH,0.125,80.30000000000001,94.89414694894144,-1.0,77.53495821388623,3.9127792978416993,1.025702214925566e-08,90.13289897205219,4.483223605704481,0.3047242469289998
14,P(Ph)3,KOAc,MeOH,0.125,81.4,95.0859950859951,-1.0,78.54860570480153,3.749818534181348,1.1696148452109694e-08,89.03595650660438,4.145183600449732,0.1331365898306649
13,P(Ph)3,Cs2CO3(aq.),MeOH,0.125,82.2,93.06569343065692,-1.0,83.29539498789623,3.7434469694282453,8.635567239855674e-06,86.86103897728024,4.77582803665296,0.08272259552436123
12,P(Ph)3,KOH(aq.),MeOH,0.125,82.99999999999999,91.92771084337352,-1.0,83.14527243089138,3.5029859850365437,1.6135504872629713e-06,86.93986182141535,4.569636662259774,0.06813514092674317
11,P(Ph)3,1M K3PO4(aq.),MeOH,0.125,81.5,92.14723926380368,-1.0,82.61075436476669,3.238055794984552,8.87797017903502e-08,89.59825330716887,3.4330453692146783,0.08007232095589528
10,P(Ph)3,CsF(aq.),MeOH,0.125,83.3,89.07563025210085,-1.0,86.02784692576266,4.1056997173636915,0.0007375951643071466,90.91084978256168,4.523278795246308,0.4354171114608498
9,P(Ph)3,s. NaHCO3(aq.),MeOH,0.125,86.60000000000001,85.10392609699768,-1.0,87.20165783041045,4.306693416240035,0.0034354919728664945,89.40958398421303,3.9318088638006867,0.13084289227250245
8,P(Ph)3,NaOH(aq.),MeOH,0.125,99.2,73.79032258064517,-1.0,97.55473505864116,4.157680591948112,0.9642411385445844,87.25382829662217,4.153327328554085,0.04763896301682008
1,P(tBu)3,s. NaHCO3(aq.),MeOH,0.125,52.3,74.37858508604207,-1.0,51.79073579125713,4.443631798935217,2.9092487526831567e-27,73.93429369474296,5.470351720644695,7.002879971413343e-05
0,P(tBu)3,NaOH(aq.),MeOH,0.125,39.6,67.17171717171718,-1.0,41.333916840623885,4.443337603152315,1.5246653456375353e-39,72.24817874476584,5.484464866269875,1.870268928788908e-05
