task_id,condition_id,plate_id,yield,n,experiment_id
hit_01,c_0511e92d37,screen_SCRN_156,14.0,4,hit_000000
hit_01,c_14766a3f2b,screen_SCRN_156,8.75,4,hit_000001
hit_01,c_14f5c30068,screen_SCRN_156,21.333333333333332,3,hit_000002
hit_01,c_1d9e641278,screen_SCRN_156,27.0,3,hit_000003
hit_01,c_23c32c1777,screen_SCRN_156,4.25,4,hit_000004
hit_01,c_24a01a5b7d,screen_SCRN_156,11.666666666666666,3,hit_000005
hit_01,c_30116215bd,screen_SCRN_156,3.0,2,hit_000006
hit_01,c_3196604cd9,screen_SCRN_156,19.25,4,hit_000007
hit_01,c_32f061b282,screen_SCRN_156,26.75,4,hit_000008
hit_01,c_3c160df052,screen_SCRN_156,4.5,4,hit_000009
hit_01,c_3ee2d5105a,screen_SCRN_156,21.25,4,hit_000010
hit_01,c_3f90fc71ff,screen_SCRN_156,5.666666666666667,3,hit_000011
hit_01,c_40534c4f12,screen_SCRN_156,35.5,2,hit_000012
hit_01,c_4076342b87,screen_SCRN_156,27.5,4,hit_000013
hit_01,c_4648614000,screen_SCRN_156,19.0,3,hit_000014
hit_01,c_466dd475bc,screen_SCRN_156,9.25,4,hit_000015
hit_01,c_4957928872,screen_SCRN_156,2.6666666666666665,3,hit_000016
hit_01,c_5570c5f42c,screen_SCRN_156,5.5,4,hit_000017
hit_01,c_577ff4ada9,screen_SCRN_156,30.75,4,hit_000018
hit_01,c_599a93c125,screen_SCRN_156,15.333333333333334,3,hit_000019
hit_01,c_5e8279fbea,screen_SCRN_156,30.0,4,hit_000020
hit_01,c_7dc2ed3bef,screen_SCRN_156,4.0,2,hit_000021
hit_01,c_87d08dc489,screen_SCRN_156,17.0,3,hit_000022
hit_01,c_8871d0b6cb,screen_SCRN_156,48.333333333333336,3,hit_000023
hit_01,c_9e3adb389c,screen_SCRN_156,35.0,2,hit_000024
hit_01,c_9ffedf54ae,screen_SCRN_156,40.0,4,hit_000025
hit_01,c_a86e283b14,screen_SCRN_156,5.75,4,hit_000026
hit_01,c_a88c92ca46,screen_SCRN_156,11.5,4,hit_000027
hit_01,c_adf3bba061,screen_SCRN_156,10.0,2,hit_000028
hit_01,c_b4e663cbcf,screen_SCRN_156,2.6666666666666665,3,hit_000029
hit_01,c_b6552437bf,screen_SCRN_156,13.5,4,hit_000030
hit_01,c_b9c1c9f68d,screen_SCRN_156,2.5,2,hit_000031
hit_01,c_ba67a9e214,screen_SCRN_156,2.5,4,hit_000032
hit_01,c_bb059feb70,screen_SCRN_156,7.0,4,hit_000033
hit_01,c_c139ee6e43,screen_SCRN_156,17.5,2,hit_000034
hit_01,c_c3b27856cb,screen_SCRN_156,33.0,4,hit_000035
hit_01,c_c4be4d3b3e,screen_SCRN_156,3.5,4,hit_000036
hit_01,c_c7181b1329,screen_SCRN_156,2.75,4,hit_000037
hit_01,c_d71bc0fdfd,screen_SCRN_156,46.333333333333336,3,hit_000038
hit_01,c_dc49028cb5,screen_SCRN_156,4.5,4,hit_000039
hit_01,c_dd752d0e98,screen_SCRN_156,1.5,4,hit_000040
hit_01,c_e2b4f2be96,screen_SCRN_156,9.0,3,hit_000041
hit_01,c_e34fd39dff,screen_SCRN_156,4.0,4,hit_000042
hit_01,c_e564d7612a,screen_SCRN_156,41.666666666666664,3,hit_000043
hit_01,c_e7bd21231d,screen_SCRN_156,20.333333333333332,3,hit_000044
hit_01,c_e8d46c9e9a,screen_SCRN_156,24.0,4,hit_000045
hit_01,c_ef091d2ff2,screen_SCRN_156,3.25,4,hit_000046
hit_01,c_efdcec6f77,screen_SCRN_156,16.0,4,hit_000047
hit_02,c_03f60af5bf,screen_SCRN_68,58.25,4,hit_000048
hit_02,c_0511e92d37,screen_SCRN_68,44.75,4,hit_000049
hit_02,c_14766a3f2b,screen_SCRN_68,44.0,4,hit_000050
hit_02,c_14f5c30068,screen_SCRN_68,71.0,4,hit_000051
hit_02,c_16b6166e76,screen_SCRN_68,83.75,4,hit_000052
hit_02,c_1d9e641278,screen_SCRN_68,39.5,4,hit_000053
hit_02,c_24a01a5b7d,screen_SCRN_68,34.0,4,hit_000054
hit_02,c_251ec7bde1,screen_SCRN_68,78.5,4,hit_000055
hit_02,c_30116215bd,screen_SCRN_68,21.0,4,hit_000056
hit_02,c_3196604cd9,screen_SCRN_68,47.75,4,hit_000057
hit_02,c_3886e525f1,screen_SCRN_68,80.75,4,hit_000058
hit_02,c_3ee2d5105a,screen_SCRN_68,53.5,4,hit_000059
hit_02,c_3f514d9a96,screen_SCRN_68,67.5,4,hit_000060
hit_02,c_3f90fc71ff,screen_SCRN_68,29.5,4,hit_000061
hit_02,c_3fb86761ab,screen_SCRN_68,48.75,4,hit_000062
hit_02,c_4648614000,screen_SCRN_68,77.75,4,hit_000063
hit_02,c_466dd475bc,screen_SCRN_68,44.25,4,hit_000064
hit_02,c_4957928872,screen_SCRN_68,80.25,4,hit_000065
hit_02,c_5fa9973231,screen_SCRN_68,60.5,4,hit_000066
hit_02,c_6ee8a0ef9a,screen_SCRN_68,70.0,4,hit_000067
hit_02,c_7dc2ed3bef,screen_SCRN_68,34.0,4,hit_000068
hit_02,c_87d08dc489,screen_SCRN_68,31.0,4,hit_000069
hit_02,c_8871d0b6cb,screen_SCRN_68,93.25,4,hit_000070
hit_02,c_921da46937,screen_SCRN_68,72.5,4,hit_000071
hit_02,c_99aeac08ec,screen_SCRN_68,82.0,4,hit_000072
hit_02,c_9ffedf54ae,screen_SCRN_68,57.75,4,hit_000073
hit_02,c_a86e283b14,screen_SCRN_68,77.25,4,hit_000074
hit_02,c_adf3bba061,screen_SCRN_68,72.5,4,hit_000075
hit_02,c_b4e663cbcf,screen_SCRN_68,43.75,4,hit_000076
hit_02,c_b9c1c9f68d,screen_SCRN_68,87.75,4,hit_000077
hit_02,c_ba1fa7db09,screen_SCRN_68,63.25,4,hit_000078
hit_02,c_bb059feb70,screen_SCRN_68,81.75,4,hit_000079
hit_02,c_c139ee6e43,screen_SCRN_68,34.75,4,hit_000080
hit_02,c_c3b27856cb,screen_SCRN_68,59.75,4,hit_000081
hit_02,c_c4be4d3b3e,screen_SCRN_68,41.75,4,hit_000082
hit_02,c_c7181b1329,screen_SCRN_68,61.25,4,hit_000083
hit_02,c_d1fec4a9e9,screen_SCRN_68,40.25,4,hit_000084
hit_02,c_d71bc0fdfd,screen_SCRN_68,72.5,4,hit_000085
hit_02,c_d8023cb0fa,screen_SCRN_68,64.25,4,hit_000086
hit_02,c_d8c161e683,screen_SCRN_68,49.0,4,hit_000087
hit_02,c_e2b4f2be96,screen_SCRN_68,75.0,4,hit_000088
hit_02,c_e34fd39dff,screen_SCRN_68,36.5,4,hit_000089
hit_02,c_e564d7612a,screen_SCRN_68,91.75,4,hit_000090
hit_02,c_e7bd21231d,screen_SCRN_68,79.5,4,hit_000091
hit_02,c_e8d46c9e9a,screen_SCRN_68,78.25,4,hit_000092
hit_02,c_ebf384b84e,screen_SCRN_68,15.25,4,hit_000093
hit_02,c_ef091d2ff2,screen_SCRN_68,71.25,4,hit_000094
hit_02,c_efdcec6f77,screen_SCRN_68,69.25,4,hit_000095
hit_03,c_04d73ea970,screen_SCRN_57,53.5,4,hit_000096
hit_03,c_14f5c30068,screen_SCRN_57,39.0,4,hit_000097
hit_03,c_1d9e641278,screen_SCRN_57,73.75,4,hit_000098
hit_03,c_1f622dc39d,screen_SCRN_57,44.75,4,hit_000099
hit_03,c_23c32c1777,screen_SCRN_57,38.75,4,hit_000100
hit_03,c_24a01a5b7d,screen_SCRN_57,78.5,4,hit_000101
hit_03,c_26f340984c,screen_SCRN_57,31.25,4,hit_000102
hit_03,c_2db771aad0,screen_SCRN_57,38.25,4,hit_000103
hit_03,c_30116215bd,screen_SCRN_57,79.0,4,hit_000104
hit_03,c_3196604cd9,screen_SCRN_57,29.75,4,hit_000105
hit_03,c_32f061b282,screen_SCRN_57,49.25,4,hit_000106
hit_03,c_3c160df052,screen_SCRN_57,40.0,4,hit_000107
hit_03,c_3ee2d5105a,screen_SCRN_57,35.75,4,hit_000108
hit_03,c_3f90fc71ff,screen_SCRN_57,52.0,4,hit_000109
hit_03,c_40534c4f12,screen_SCRN_57,41.0,4,hit_000110
hit_03,c_4076342b87,screen_SCRN_57,42.25,4,hit_000111
hit_03,c_4648614000,screen_SCRN_57,35.5,4,hit_000112
hit_03,c_4957928872,screen_SCRN_57,32.5,4,hit_000113
hit_03,c_4fdc95dfd7,screen_SCRN_57,37.25,4,hit_000114
hit_03,c_5570c5f42c,screen_SCRN_57,27.25,4,hit_000115
hit_03,c_577ff4ada9,screen_SCRN_57,37.75,4,hit_000116
hit_03,c_599a93c125,screen_SCRN_57,37.5,4,hit_000117
hit_03,c_5e8279fbea,screen_SCRN_57,29.0,4,hit_000118
hit_03,c_7dc2ed3bef,screen_SCRN_57,67.75,4,hit_000119
hit_03,c_86f3e84f01,screen_SCRN_57,52.5,4,hit_000120
hit_03,c_87611e347b,screen_SCRN_57,40.0,4,hit_000121
hit_03,c_87d08dc489,screen_SCRN_57,75.5,4,hit_000122
hit_03,c_96da66f8fe,screen_SCRN_57,47.25,4,hit_000123
hit_03,c_9e3adb389c,screen_SCRN_57,44.25,4,hit_000124
hit_03,c_a86e283b14,screen_SCRN_57,27.5,4,hit_000125
hit_03,c_a88c92ca46,screen_SCRN_57,35.0,4,hit_000126
hit_03,c_aabcb49fef,screen_SCRN_57,31.25,4,hit_000127
hit_03,c_ad8305297d,screen_SCRN_57,26.5,4,hit_000128
hit_03,c_adf3bba061,screen_SCRN_57,46.5,4,hit_000129
hit_03,c_b4e663cbcf,screen_SCRN_57,77.5,4,hit_000130
hit_03,c_b6552437bf,screen_SCRN_57,37.0,4,hit_000131
hit_03,c_b9c1c9f68d,screen_SCRN_57,43.25,4,hit_000132
hit_03,c_ba67a9e214,screen_SCRN_57,31.25,4,hit_000133
hit_03,c_c3b27856cb,screen_SCRN_57,30.25,4,hit_000134
hit_03,c_c4be4d3b3e,screen_SCRN_57,71.0,4,hit_000135
hit_03,c_dd752d0e98,screen_SCRN_57,73.75,4,hit_000136
hit_03,c_e03a6b9172,screen_SCRN_57,36.5,4,hit_000137
hit_03,c_e34fd39dff,screen_SCRN_57,75.25,4,hit_000138
hit_03,c_e564d7612a,screen_SCRN_57,52.0,4,hit_000139
hit_03,c_e7bd21231d,screen_SCRN_57,78.25,4,hit_000140
hit_03,c_e8d46c9e9a,screen_SCRN_57,67.75,4,hit_000141
hit_03,c_efdcec6f77,screen_SCRN_57,40.75,4,hit_000142
hit_03,c_fb0fd7c858,screen_SCRN_57,42.5,4,hit_000143
hit_04,c_04d73ea970,screen_SCRN_131,29.0,4,hit_000144
hit_04,c_14f5c30068,screen_SCRN_131,28.666666666666668,3,hit_000145
hit_04,c_1d9e641278,screen_SCRN_131,11.0,4,hit_000146
hit_04,c_1f622dc39d,screen_SCRN_131,28.0,4,hit_000147
hit_04,c_23c32c1777,screen_SCRN_131,14.75,4,hit_000148
hit_04,c_24a01a5b7d,screen_SCRN_131,14.0,4,hit_000149
hit_04,c_26f340984c,screen_SCRN_131,6.5,4,hit_000150
hit_04,c_2db771aad0,screen_SCRN_131,33.5,4,hit_000151
hit_04,c_30116215bd,screen_SCRN_131,6.0,4,hit_000152
hit_04,c_3196604cd9,screen_SCRN_131,38.25,4,hit_000153
hit_04,c_32f061b282,screen_SCRN_131,17.0,4,hit_000154
hit_04,c_3c160df052,screen_SCRN_131,10.5,4,hit_000155
hit_04,c_3ee2d5105a,screen_SCRN_131,43.5,4,hit_000156
hit_04,c_3f90fc71ff,screen_SCRN_131,17.5,4,hit_000157
hit_04,c_40534c4f12,screen_SCRN_131,20.0,4,hit_000158
hit_04,c_4076342b87,screen_SCRN_131,29.0,4,hit_000159
hit_04,c_435b3fc2a1,screen_SCRN_131,12.75,4,hit_000160
hit_04,c_493aa05fab,screen_SCRN_131,9.5,4,hit_000161
hit_04,c_4fdc95dfd7,screen_SCRN_131,55.333333333333336,3,hit_000162
hit_04,c_5570c5f42c,screen_SCRN_131,12.0,4,hit_000163
hit_04,c_577ff4ada9,screen_SCRN_131,49.75,4,hit_000164
hit_04,c_599a93c125,screen_SCRN_131,9.25,4,hit_000165
hit_04,c_5e8279fbea,screen_SCRN_131,26.5,4,hit_000166
hit_04,c_86f3e84f01,screen_SCRN_131,35.0,4,hit_000167
hit_04,c_87d08dc489,screen_SCRN_131,15.25,4,hit_000168
hit_04,c_96da66f8fe,screen_SCRN_131,13.25,4,hit_000169
hit_04,c_99aeac08ec,screen_SCRN_131,7.0,4,hit_000170
hit_04,c_9e3adb389c,screen_SCRN_131,9.75,4,hit_000171
hit_04,c_a32f6953e7,screen_SCRN_131,39.0,4,hit_000172
hit_04,c_a86e283b14,screen_SCRN_131,28.25,4,hit_000173
hit_04,c_ad8305297d,screen_SCRN_131,15.25,4,hit_000174
hit_04,c_adf3bba061,screen_SCRN_131,20.0,4,hit_000175
hit_04,c_aea74536ed,screen_SCRN_131,6.75,4,hit_000176
hit_04,c_b4e663cbcf,screen_SCRN_131,16.0,4,hit_000177
hit_04,c_b6552437bf,screen_SCRN_131,9.25,4,hit_000178
hit_04,c_b9c1c9f68d,screen_SCRN_131,7.5,4,hit_000179
hit_04,c_ba1fa7db09,screen_SCRN_131,10.5,4,hit_000180
hit_04,c_c3b27856cb,screen_SCRN_131,6.75,4,hit_000181
hit_04,c_c4be4d3b3e,screen_SCRN_131,5.25,4,hit_000182
hit_04,c_dd752d0e98,screen_SCRN_131,10.5,4,hit_000183
hit_04,c_e03a6b9172,screen_SCRN_131,60.0,3,hit_000184
hit_04,c_e564d7612a,screen_SCRN_131,25.5,4,hit_000185
hit_04,c_e7bd21231d,screen_SCRN_131,9.25,4,hit_000186
hit_04,c_e8d46c9e9a,screen_SCRN_131,23.25,4,hit_000187
hit_04,c_efdcec6f77,screen_SCRN_131,36.25,4,hit_000188
hit_04,c_f25873d76b,screen_SCRN_131,38.25,4,hit_000189
hit_04,c_f7824c77b7,screen_SCRN_131,7.5,4,hit_000190
hit_04,c_fb0fd7c858,screen_SCRN_131,33.25,4,hit_000191
hit_05,c_04d73ea970,screen_SCRN_78,34.0,4,hit_000192
hit_05,c_14f5c30068,screen_SCRN_78,23.0,4,hit_000193
hit_05,c_1d9e641278,screen_SCRN_78,13.75,4,hit_000194
hit_05,c_1f622dc39d,screen_SCRN_78,33.75,4,hit_000195
hit_05,c_23c32c1777,screen_SCRN_78,12.0,4,hit_000196
hit_05,c_24a01a5b7d,screen_SCRN_78,15.5,4,hit_000197
hit_05,c_2db771aad0,screen_SCRN_78,37.75,4,hit_000198
hit_05,c_30116215bd,screen_SCRN_78,18.75,4,hit_000199
hit_05,c_3196604cd9,screen_SCRN_78,30.25,4,hit_000200
hit_05,c_32f061b282,screen_SCRN_78,9.5,4,hit_000201
hit_05,c_3c160df052,screen_SCRN_78,17.75,4,hit_000202
hit_05,c_3ee2d5105a,screen_SCRN_78,29.25,4,hit_000203
hit_05,c_3f90fc71ff,screen_SCRN_78,13.0,4,hit_000204
hit_05,c_40534c4f12,screen_SCRN_78,12.75,4,hit_000205
hit_05,c_4076342b87,screen_SCRN_78,20.5,4,hit_000206
hit_05,c_4648614000,screen_SCRN_78,21.25,4,hit_000207
hit_05,c_493aa05fab,screen_SCRN_78,21.25,4,hit_000208
hit_05,c_4957928872,screen_SCRN_78,31.25,4,hit_000209
hit_05,c_4fdc95dfd7,screen_SCRN_78,41.25,4,hit_000210
hit_05,c_577ff4ada9,screen_SCRN_78,20.0,4,hit_000211
hit_05,c_599a93c125,screen_SCRN_78,9.75,4,hit_000212
hit_05,c_5e8279fbea,screen_SCRN_78,29.0,4,hit_000213
hit_05,c_7dc2ed3bef,screen_SCRN_78,18.0,4,hit_000214
hit_05,c_86f3e84f01,screen_SCRN_78,32.5,4,hit_000215
hit_05,c_87611e347b,screen_SCRN_78,34.5,4,hit_000216
hit_05,c_87d08dc489,screen_SCRN_78,14.5,4,hit_000217
hit_05,c_96da66f8fe,screen_SCRN_78,23.5,4,hit_000218
hit_05,c_99aeac08ec,screen_SCRN_78,19.25,4,hit_000219
hit_05,c_9e3adb389c,screen_SCRN_78,13.25,4,hit_000220
hit_05,c_a86e283b14,screen_SCRN_78,17.5,4,hit_000221
hit_05,c_a88c92ca46,screen_SCRN_78,23.0,4,hit_000222
hit_05,c_aabcb49fef,screen_SCRN_78,37.5,4,hit_000223
hit_05,c_ad8305297d,screen_SCRN_78,35.75,4,hit_000224
hit_05,c_adf3bba061,screen_SCRN_78,21.25,4,hit_000225
hit_05,c_b4e663cbcf,screen_SCRN_78,10.0,4,hit_000226
hit_05,c_b9c1c9f68d,screen_SCRN_78,18.75,4,hit_000227
hit_05,c_ba1fa7db09,screen_SCRN_78,16.25,4,hit_000228
hit_05,c_ba67a9e214,screen_SCRN_78,17.25,4,hit_000229
hit_05,c_c3b27856cb,screen_SCRN_78,19.75,4,hit_000230
hit_05,c_c4be4d3b3e,screen_SCRN_78,7.0,4,hit_000231
hit_05,c_e03a6b9172,screen_SCRN_78,46.0,4,hit_000232
hit_05,c_e34fd39dff,screen_SCRN_78,10.5,4,hit_000233
hit_05,c_e564d7612a,screen_SCRN_78,27.25,4,hit_000234
hit_05,c_e7bd21231d,screen_SCRN_78,7.5,4,hit_000235
hit_05,c_e8d46c9e9a,screen_SCRN_78,7.5,4,hit_000236
hit_05,c_efdcec6f77,screen_SCRN_78,33.75,4,hit_000237
hit_05,c_f7824c77b7,screen_SCRN_78,33.25,4,hit_000238
hit_05,c_fb0fd7c858,screen_SCRN_78,28.5,4,hit_000239
hit_06,c_0511e92d37,screen_SCRN_66,38.0,4,hit_000240
hit_06,c_14766a3f2b,screen_SCRN_66,39.0,4,hit_000241
hit_06,c_14f5c30068,screen_SCRN_66,12.25,4,hit_000242
hit_06,c_1d9e641278,screen_SCRN_66,3.25,4,hit_000243
hit_06,c_23c32c1777,screen_SCRN_66,0.0,4,hit_000244
hit_06,c_24a01a5b7d,screen_SCRN_66,23.5,4,hit_000245
hit_06,c_30116215bd,screen_SCRN_66,3.75,4,hit_000246
hit_06,c_3196604cd9,screen_SCRN_66,24.75,4,hit_000247
hit_06,c_32f061b282,screen_SCRN_66,14.5,4,hit_000248
hit_06,c_3c160df052,screen_SCRN_66,0.0,4,hit_000249
hit_06,c_3ee2d5105a,screen_SCRN_66,32.0,4,hit_000250
hit_06,c_3f90fc71ff,screen_SCRN_66,21.0,4,hit_000251
hit_06,c_40534c4f12,screen_SCRN_66,0.0,4,hit_000252
hit_06,c_4076342b87,screen_SCRN_66,0.0,4,hit_000253
hit_06,c_4648614000,screen_SCRN_66,3.25,4,hit_000254
hit_06,c_466dd475bc,screen_SCRN_66,16.75,4,hit_000255
hit_06,c_4957928872,screen_SCRN_66,3.0,4,hit_000256
hit_06,c_5570c5f42c,screen_SCRN_66,4.0,4,hit_000257
hit_06,c_577ff4ada9,screen_SCRN_66,25.25,4,hit_000258
hit_06,c_599a93c125,screen_SCRN_66,0.0,4,hit_000259
hit_06,c_5e8279fbea,screen_SCRN_66,24.75,4,hit_000260
hit_06,c_7dc2ed3bef,screen_SCRN_66,2.75,4,hit_000261
hit_06,c_87d08dc489,screen_SCRN_66,8.0,4,hit_000262
hit_06,c_8871d0b6cb,screen_SCRN_66,3.5,4,hit_000263
hit_06,c_9e3adb389c,screen_SCRN_66,0.0,4,hit_000264
hit_06,c_9ffedf54ae,screen_SCRN_66,9.75,4,hit_000265
hit_06,c_a0a0aa87c3,screen_SCRN_66,6.0,1,hit_000266
hit_06,c_a86e283b14,screen_SCRN_66,3.75,4,hit_000267
hit_06,c_a88c92ca46,screen_SCRN_66,3.0,4,hit_000268
hit_06,c_adf3bba061,screen_SCRN_66,18.25,4,hit_000269
hit_06,c_b4e663cbcf,screen_SCRN_66,31.0,4,hit_000270
hit_06,c_b6552437bf,screen_SCRN_66,5.25,4,hit_000271
hit_06,c_b9c1c9f68d,screen_SCRN_66,4.25,4,hit_000272
hit_06,c_ba67a9e214,screen_SCRN_66,0.0,4,hit_000273
hit_06,c_bb059feb70,screen_SCRN_66,6.0,4,hit_000274
hit_06,c_c139ee6e43,screen_SCRN_66,22.25,4,hit_000275
hit_06,c_c3b27856cb,screen_SCRN_66,1.25,4,hit_000276
hit_06,c_c4be4d3b3e,screen_SCRN_66,3.25,4,hit_000277
hit_06,c_c7181b1329,screen_SCRN_66,13.75,4,hit_000278
hit_06,c_d71bc0fdfd,screen_SCRN_66,1.25,4,hit_000279
hit_06,c_dc49028cb5,screen_SCRN_66,12.5,4,hit_000280
hit_06,c_dd752d0e98,screen_SCRN_66,6.75,4,hit_000281
hit_06,c_e2b4f2be96,screen_SCRN_66,26.5,4,hit_000282
hit_06,c_e34fd39dff,screen_SCRN_66,1.3333333333333333,3,hit_000283
hit_06,c_e564d7612a,screen_SCRN_66,3.25,4,hit_000284
hit_06,c_e7bd21231d,screen_SCRN_66,2.25,4,hit_000285
hit_06,c_e8d46c9e9a,screen_SCRN_66,1.0,4,hit_000286
hit_06,c_ef091d2ff2,screen_SCRN_66,1.25,4,hit_000287
hit_06,c_efdcec6f77,screen_SCRN_66,17.25,4,hit_000288
hit_07,c_0511e92d37,screen_SCRN_67,60.25,4,hit_000289
hit_07,c_14766a3f2b,screen_SCRN_67,57.5,4,hit_000290
hit_07,c_14f5c30068,screen_SCRN_67,50.25,4,hit_000291
hit_07,c_1d9e641278,screen_SCRN_67,44.5,4,hit_000292
hit_07,c_23c32c1777,screen_SCRN_67,64.0,4,hit_000293
hit_07,c_24a01a5b7d,screen_SCRN_67,25.0,4,hit_000294
hit_07,c_30116215bd,screen_SCRN_67,12.25,4,hit_000295
hit_07,c_3196604cd9,screen_SCRN_67,62.0,4,hit_000296
hit_07,c_32f061b282,screen_SCRN_67,61.75,4,hit_000297
hit_07,c_3c160df052,screen_SCRN_67,65.5,4,hit_000298
hit_07,c_3ee2d5105a,screen_SCRN_67,62.25,4,hit_000299
hit_07,c_3f514d9a96,screen_SCRN_67,49.25,4,hit_000300
hit_07,c_3f90fc71ff,screen_SCRN_67,25.0,4,hit_000301
hit_07,c_40534c4f12,screen_SCRN_67,38.75,4,hit_000302
hit_07,c_4076342b87,screen_SCRN_67,37.25,4,hit_000303
hit_07,c_4648614000,screen_SCRN_67,64.5,4,hit_000304
hit_07,c_466dd475bc,screen_SCRN_67,49.25,4,hit_000305
hit_07,c_493aa05fab,screen_SCRN_67,51.5,4,hit_000306
hit_07,c_5570c5f42c,screen_SCRN_67,42.5,4,hit_000307
hit_07,c_577ff4ada9,screen_SCRN_67,67.5,4,hit_000308
hit_07,c_599a93c125,screen_SCRN_67,43.25,4,hit_000309
hit_07,c_5e8279fbea,screen_SCRN_67,62.5,4,hit_000310
hit_07,c_7dc2ed3bef,screen_SCRN_67,26.25,4,hit_000311
hit_07,c_87d08dc489,screen_SCRN_67,8.5,4,hit_000312
hit_07,c_8871d0b6cb,screen_SCRN_67,45.5,4,hit_000313
hit_07,c_99aeac08ec,screen_SCRN_67,49.5,4,hit_000314
hit_07,c_9e3adb389c,screen_SCRN_67,65.5,4,hit_000315
hit_07,c_9ffedf54ae,screen_SCRN_67,59.75,4,hit_000316
hit_07,c_a86e283b14,screen_SCRN_67,61.75,4,hit_000317
hit_07,c_a88c92ca46,screen_SCRN_67,56.0,4,hit_000318
hit_07,c_adf3bba061,screen_SCRN_67,48.5,4,hit_000319
hit_07,c_b4e663cbcf,screen_SCRN_67,35.5,4,hit_000320
hit_07,c_b6552437bf,screen_SCRN_67,58.25,4,hit_000321
hit_07,c_b9c1c9f68d,screen_SCRN_67,54.0,4,hit_000322
hit_07,c_ba1fa7db09,screen_SCRN_67,25.25,4,hit_000323
hit_07,c_c139ee6e43,screen_SCRN_67,60.5,4,hit_000324
hit_07,c_c3b27856cb,screen_SCRN_67,65.75,4,hit_000325
hit_07,c_c4be4d3b3e,screen_SCRN_67,14.25,4,hit_000326
hit_07,c_c7181b1329,screen_SCRN_67,62.75,4,hit_000327
hit_07,c_d71bc0fdfd,screen_SCRN_67,58.25,4,hit_000328
hit_07,c_dc49028cb5,screen_SCRN_67,53.0,4,hit_000329
hit_07,c_dd752d0e98,screen_SCRN_67,28.25,4,hit_000330
hit_07,c_e2b4f2be96,screen_SCRN_67,51.25,4,hit_000331
hit_07,c_e564d7612a,screen_SCRN_67,42.0,4,hit_000332
hit_07,c_e7bd21231d,screen_SCRN_67,44.25,4,hit_000333
hit_07,c_e8d46c9e9a,screen_SCRN_67,29.0,4,hit_000334
hit_07,c_ef091d2ff2,screen_SCRN_67,53.5,4,hit_000335
hit_07,c_efdcec6f77,screen_SCRN_67,45.75,4,hit_000336
hit_08,c_04d73ea970,screen_SCRN_81,0.0,4,hit_000337
hit_08,c_14f5c30068,screen_SCRN_81,8.75,4,hit_000338
hit_08,c_1d9e641278,screen_SCRN_81,0.0,4,hit_000339
hit_08,c_1f622dc39d,screen_SCRN_81,0.0,4,hit_000340
hit_08,c_23c32c1777,screen_SCRN_81,28.0,4,hit_000341
hit_08,c_24a01a5b7d,screen_SCRN_81,0.0,4,hit_000342
hit_08,c_2db771aad0,screen_SCRN_81,13.25,4,hit_000343
hit_08,c_30116215bd,screen_SCRN_81,0.0,4,hit_000344
hit_08,c_3196604cd9,screen_SCRN_81,5.5,4,hit_000345
hit_08,c_32f061b282,screen_SCRN_81,0.0,4,hit_000346
hit_08,c_3c160df052,screen_SCRN_81,14.0,4,hit_000347
hit_08,c_3ee2d5105a,screen_SCRN_81,0.0,4,hit_000348
hit_08,c_3f90fc71ff,screen_SCRN_81,0.0,4,hit_000349
hit_08,c_40534c4f12,screen_SCRN_81,37.75,4,hit_000350
hit_08,c_4076342b87,screen_SCRN_81,0.0,4,hit_000351
hit_08,c_4648614000,screen_SCRN_81,9.0,4,hit_000352
hit_08,c_493aa05fab,screen_SCRN_81,8.75,4,hit_000353
hit_08,c_4957928872,screen_SCRN_81,8.5,4,hit_000354
hit_08,c_4fdc95dfd7,screen_SCRN_81,0.0,4,hit_000355
hit_08,c_577ff4ada9,screen_SCRN_81,13.25,4,hit_000356
hit_08,c_599a93c125,screen_SCRN_81,18.25,4,hit_000357
hit_08,c_5e8279fbea,screen_SCRN_81,2.75,4,hit_000358
hit_08,c_7dc2ed3bef,screen_SCRN_81,0.0,4,hit_000359
hit_08,c_86f3e84f01,screen_SCRN_81,12.0,4,hit_000360
hit_08,c_87611e347b,screen_SCRN_81,20.5,4,hit_000361
hit_08,c_87d08dc489,screen_SCRN_81,0.0,4,hit_000362
hit_08,c_96da66f8fe,screen_SCRN_81,14.0,4,hit_000363
hit_08,c_99aeac08ec,screen_SCRN_81,0.0,4,hit_000364
hit_08,c_9e3adb389c,screen_SCRN_81,44.5,4,hit_000365
hit_08,c_a86e283b14,screen_SCRN_81,5.5,4,hit_000366
hit_08,c_a88c92ca46,screen_SCRN_81,37.25,4,hit_000367
hit_08,c_aabcb49fef,screen_SCRN_81,9.5,4,hit_000368
hit_08,c_ad8305297d,screen_SCRN_81,0.0,4,hit_000369
hit_08,c_adf3bba061,screen_SCRN_81,6.25,4,hit_000370
hit_08,c_b4e663cbcf,screen_SCRN_81,0.0,4,hit_000371
hit_08,c_b9c1c9f68d,screen_SCRN_81,0.0,4,hit_000372
hit_08,c_ba1fa7db09,screen_SCRN_81,0.0,4,hit_000373
hit_08,c_ba67a9e214,screen_SCRN_81,22.5,4,hit_000374
hit_08,c_c3b27856cb,screen_SCRN_81,7.0,4,hit_000375
hit_08,c_c4be4d3b3e,screen_SCRN_81,0.0,4,hit_000376
hit_08,c_e03a6b9172,screen_SCRN_81,0.0,4,hit_000377
hit_08,c_e34fd39dff,screen_SCRN_81,0.0,4,hit_000378
hit_08,c_e564d7612a,screen_SCRN_81,10.5,4,hit_000379
hit_08,c_e7bd21231d,screen_SCRN_81,0.0,4,hit_000380
hit_08,c_e8d46c9e9a,screen_SCRN_81,0.5,4,hit_000381
hit_08,c_efdcec6f77,screen_SCRN_81,0.0,4,hit_000382
hit_08,c_f7824c77b7,screen_SCRN_81,21.25,4,hit_000383
hit_08,c_fb0fd7c858,screen_SCRN_81,0.0,4,hit_000384
hit_09,c_04d73ea970,screen_SCRN_59,12.0,4,hit_000385
hit_09,c_14f5c30068,screen_SCRN_59,2.5,4,hit_000386
hit_09,c_1d9e641278,screen_SCRN_59,9.0,4,hit_000387
hit_09,c_1f622dc39d,screen_SCRN_59,9.0,4,hit_000388
hit_09,c_23c32c1777,screen_SCRN_59,0.0,4,hit_000389
hit_09,c_24a01a5b7d,screen_SCRN_59,3.0,4,hit_000390
hit_09,c_26f340984c,screen_SCRN_59,0.5,4,hit_000391
hit_09,c_2db771aad0,screen_SCRN_59,5.75,4,hit_000392
hit_09,c_30116215bd,screen_SCRN_59,14.5,4,hit_000393
hit_09,c_3196604cd9,screen_SCRN_59,4.75,4,hit_000394
hit_09,c_32f061b282,screen_SCRN_59,0.0,4,hit_000395
hit_09,c_3c160df052,screen_SCRN_59,0.0,4,hit_000396
hit_09,c_3ee2d5105a,screen_SCRN_59,3.25,4,hit_000397
hit_09,c_3f90fc71ff,screen_SCRN_59,2.25,4,hit_000398
hit_09,c_40534c4f12,screen_SCRN_59,1.25,4,hit_000399
hit_09,c_4076342b87,screen_SCRN_59,0.0,4,hit_000400
hit_09,c_4648614000,screen_SCRN_59,4.5,4,hit_000401
hit_09,c_493aa05fab,screen_SCRN_59,0.0,4,hit_000402
hit_09,c_4fdc95dfd7,screen_SCRN_59,1.0,4,hit_000403
hit_09,c_5570c5f42c,screen_SCRN_59,0.0,4,hit_000404
hit_09,c_577ff4ada9,screen_SCRN_59,0.0,4,hit_000405
hit_09,c_599a93c125,screen_SCRN_59,0.0,4,hit_000406
hit_09,c_5e8279fbea,screen_SCRN_59,0.0,4,hit_000407
hit_09,c_7dc2ed3bef,screen_SCRN_59,4.25,4,hit_000408
hit_09,c_86f3e84f01,screen_SCRN_59,5.5,4,hit_000409
hit_09,c_87611e347b,screen_SCRN_59,11.5,4,hit_000410
hit_09,c_87d08dc489,screen_SCRN_59,5.75,4,hit_000411
hit_09,c_96da66f8fe,screen_SCRN_59,13.75,4,hit_000412
hit_09,c_99aeac08ec,screen_SCRN_59,15.5,4,hit_000413
hit_09,c_9e3adb389c,screen_SCRN_59,0.0,4,hit_000414
hit_09,c_a86e283b14,screen_SCRN_59,6.25,4,hit_000415
hit_09,c_a88c92ca46,screen_SCRN_59,0.0,4,hit_000416
hit_09,c_ad8305297d,screen_SCRN_59,0.75,4,hit_000417
hit_09,c_adf3bba061,screen_SCRN_59,5.5,4,hit_000418
hit_09,c_b4e663cbcf,screen_SCRN_59,5.75,4,hit_000419
hit_09,c_b6552437bf,screen_SCRN_59,7.25,4,hit_000420
hit_09,c_b9c1c9f68d,screen_SCRN_59,10.0,4,hit_000421
hit_09,c_ba1fa7db09,screen_SCRN_59,16.25,4,hit_000422
hit_09,c_c3b27856cb,screen_SCRN_59,2.25,4,hit_000423
hit_09,c_c4be4d3b3e,screen_SCRN_59,9.25,4,hit_000424
hit_09,c_dd752d0e98,screen_SCRN_59,14.75,4,hit_000425
hit_09,c_e03a6b9172,screen_SCRN_59,0.5,4,hit_000426
hit_09,c_e564d7612a,screen_SCRN_59,12.75,4,hit_000427
hit_09,c_e7bd21231d,screen_SCRN_59,30.75,4,hit_000428
hit_09,c_e8d46c9e9a,screen_SCRN_59,13.5,4,hit_000429
hit_09,c_efdcec6f77,screen_SCRN_59,6.0,4,hit_000430
hit_09,c_f7824c77b7,screen_SCRN_59,3.5,4,hit_000431
hit_09,c_fb0fd7c858,screen_SCRN_59,2.5,4,hit_000432
hit_10,c_04d73ea970,screen_SCRN_90,78.0,4,hit_000433
hit_10,c_14f5c30068,screen_SCRN_90,58.0,4,hit_000434
hit_10,c_1d9e641278,screen_SCRN_90,59.5,4,hit_000435
hit_10,c_1f622dc39d,screen_SCRN_90,66.25,4,hit_000436
hit_10,c_23c32c1777,screen_SCRN_90,0.0,4,hit_000437
hit_10,c_24a01a5b7d,screen_SCRN_90,69.75,4,hit_000438
hit_10,c_2db771aad0,screen_SCRN_90,36.0,4,hit_000439
hit_10,c_30116215bd,screen_SCRN_90,80.25,4,hit_000440
hit_10,c_3196604cd9,screen_SCRN_90,54.5,4,hit_000441
hit_10,c_32f061b282,screen_SCRN_90,45.25,4,hit_000442
hit_10,c_3c160df052,screen_SCRN_90,49.25,4,hit_000443
hit_10,c_3ee2d5105a,screen_SCRN_90,69.5,4,hit_000444
hit_10,c_3f90fc71ff,screen_SCRN_90,61.0,4,hit_000445
hit_10,c_40534c4f12,screen_SCRN_90,28.0,4,hit_000446
hit_10,c_4076342b87,screen_SCRN_90,46.25,4,hit_000447
hit_10,c_4648614000,screen_SCRN_90,66.5,4,hit_000448
hit_10,c_493aa05fab,screen_SCRN_90,40.75,4,hit_000449
hit_10,c_4957928872,screen_SCRN_90,60.5,4,hit_000450
hit_10,c_4fdc95dfd7,screen_SCRN_90,54.75,4,hit_000451
hit_10,c_577ff4ada9,screen_SCRN_90,18.75,4,hit_000452
hit_10,c_599a93c125,screen_SCRN_90,2.5,4,hit_000453
hit_10,c_5e8279fbea,screen_SCRN_90,30.75,4,hit_000454
hit_10,c_7dc2ed3bef,screen_SCRN_90,63.5,4,hit_000455
hit_10,c_86f3e84f01,screen_SCRN_90,75.75,4,hit_000456
hit_10,c_87611e347b,screen_SCRN_90,61.0,4,hit_000457
hit_10,c_87d08dc489,screen_SCRN_90,80.25,4,hit_000458
hit_10,c_96da66f8fe,screen_SCRN_90,74.0,4,hit_000459
hit_10,c_99aeac08ec,screen_SCRN_90,64.75,4,hit_000460
hit_10,c_9e3adb389c,screen_SCRN_90,34.0,4,hit_000461
hit_10,c_a86e283b14,screen_SCRN_90,32.25,4,hit_000462
hit_10,c_a88c92ca46,screen_SCRN_90,27.0,4,hit_000463
hit_10,c_aabcb49fef,screen_SCRN_90,55.0,4,hit_000464
hit_10,c_ad8305297d,screen_SCRN_90,40.75,4,hit_000465
hit_10,c_adf3bba061,screen_SCRN_90,86.0,4,hit_000466
hit_10,c_b4e663cbcf,screen_SCRN_90,75.0,4,hit_000467
hit_10,c_b9c1c9f68d,screen_SCRN_90,68.5,4,hit_000468
hit_10,c_ba1fa7db09,screen_SCRN_90,75.75,4,hit_000469
hit_10,c_ba67a9e214,screen_SCRN_90,44.25,4,hit_000470
hit_10,c_c3b27856cb,screen_SCRN_90,51.5,4,hit_000471
hit_10,c_c4be4d3b3e,screen_SCRN_90,53.0,4,hit_000472
hit_10,c_e03a6b9172,screen_SCRN_90,55.0,4,hit_000473
hit_10,c_e34fd39dff,screen_SCRN_90,72.5,4,hit_000474
hit_10,c_e564d7612a,screen_SCRN_90,86.0,4,hit_000475
hit_10,c_e7bd21231d,screen_SCRN_90,79.0,4,hit_000476
hit_10,c_e8d46c9e9a,screen_SCRN_90,79.5,4,hit_000477
hit_10,c_efdcec6f77,screen_SCRN_90,70.0,4,hit_000478
hit_10,c_f7824c77b7,screen_SCRN_90,62.0,4,hit_000479
hit_10,c_fb0fd7c858,screen_SCRN_90,41.25,4,hit_000480
hit_11,c_04d73ea970,screen_SCRN_101,53.75,4,hit_000481
hit_11,c_04d73ea970,screen_SCRN_99,89.0,4,hit_000482
hit_11,c_14f5c30068,screen_SCRN_101,38.25,4,hit_000483
hit_11,c_14f5c30068,screen_SCRN_99,52.75,4,hit_000484
hit_11,c_1c0256b33d,screen_SCRN_101,64.25,4,hit_000485
hit_11,c_1c0256b33d,screen_SCRN_99,92.25,4,hit_000486
hit_11,c_1e7eb55c8b,screen_SCRN_101,63.75,4,hit_000487
hit_11,c_1e7eb55c8b,screen_SCRN_99,71.0,4,hit_000488
hit_11,c_1f622dc39d,screen_SCRN_101,23.75,4,hit_000489
hit_11,c_1f622dc39d,screen_SCRN_99,76.5,4,hit_000490
hit_11,c_23c32c1777,screen_SCRN_101,2.25,4,hit_000491
hit_11,c_23c32c1777,screen_SCRN_99,23.75,4,hit_000492
hit_11,c_2532cb4bab,screen_SCRN_101,58.0,4,hit_000493
hit_11,c_2532cb4bab,screen_SCRN_99,69.5,4,hit_000494
hit_11,c_2db771aad0,screen_SCRN_101,26.25,4,hit_000495
hit_11,c_2db771aad0,screen_SCRN_99,74.5,4,hit_000496
hit_11,c_3196604cd9,screen_SCRN_101,56.25,4,hit_000497
hit_11,c_3196604cd9,screen_SCRN_99,98.75,4,hit_000498
hit_11,c_32f061b282,screen_SCRN_101,25.75,4,hit_000499
hit_11,c_32f061b282,screen_SCRN_99,37.25,4,hit_000500
hit_11,c_3a6884c52d,screen_SCRN_101,8.5,4,hit_000501
hit_11,c_3a6884c52d,screen_SCRN_99,90.75,4,hit_000502
hit_11,c_3b8ab51f06,screen_SCRN_101,73.25,4,hit_000503
hit_11,c_3b8ab51f06,screen_SCRN_99,93.25,4,hit_000504
hit_11,c_3c160df052,screen_SCRN_101,0.0,4,hit_000505
hit_11,c_3c160df052,screen_SCRN_99,35.25,4,hit_000506
hit_11,c_3ee2d5105a,screen_SCRN_101,58.0,4,hit_000507
hit_11,c_3ee2d5105a,screen_SCRN_99,71.5,4,hit_000508
hit_11,c_40534c4f12,screen_SCRN_101,23.75,4,hit_000509
hit_11,c_40534c4f12,screen_SCRN_99,32.0,4,hit_000510
hit_11,c_4076342b87,screen_SCRN_101,7.25,4,hit_000511
hit_11,c_4076342b87,screen_SCRN_99,30.0,4,hit_000512
hit_11,c_4648614000,screen_SCRN_101,17.75,4,hit_000513
hit_11,c_4648614000,screen_SCRN_99,86.25,4,hit_000514
hit_11,c_493aa05fab,screen_SCRN_101,14.0,4,hit_000515
hit_11,c_493aa05fab,screen_SCRN_99,0.0,4,hit_000516
hit_11,c_4957928872,screen_SCRN_101,22.5,4,hit_000517
hit_11,c_4957928872,screen_SCRN_99,87.25,4,hit_000518
hit_11,c_4fdc95dfd7,screen_SCRN_101,51.5,4,hit_000519
hit_11,c_4fdc95dfd7,screen_SCRN_99,87.5,4,hit_000520
hit_11,c_577ff4ada9,screen_SCRN_101,17.5,4,hit_000521
hit_11,c_577ff4ada9,screen_SCRN_99,55.75,4,hit_000522
hit_11,c_599a93c125,screen_SCRN_101,14.0,4,hit_000523
hit_11,c_599a93c125,screen_SCRN_99,35.25,4,hit_000524
hit_11,c_5e8279fbea,screen_SCRN_101,26.25,4,hit_000525
hit_11,c_5e8279fbea,screen_SCRN_99,47.25,4,hit_000526
hit_11,c_71e660ff6b,screen_SCRN_101,23.0,4,hit_000527
hit_11,c_71e660ff6b,screen_SCRN_99,84.75,4,hit_000528
hit_11,c_86f3e84f01,screen_SCRN_101,56.25,4,hit_000529
hit_11,c_86f3e84f01,screen_SCRN_99,84.25,4,hit_000530
hit_11,c_87611e347b,screen_SCRN_101,32.25,4,hit_000531
hit_11,c_87611e347b,screen_SCRN_99,76.0,4,hit_000532
hit_11,c_94f36c1396,screen_SCRN_101,57.75,4,hit_000533
hit_11,c_94f36c1396,screen_SCRN_99,73.75,4,hit_000534
hit_11,c_96da66f8fe,screen_SCRN_101,53.5,4,hit_000535
hit_11,c_96da66f8fe,screen_SCRN_99,61.5,4,hit_000536
hit_11,c_99aeac08ec,screen_SCRN_101,39.0,4,hit_000537
hit_11,c_99aeac08ec,screen_SCRN_99,93.5,4,hit_000538
hit_11,c_9e3adb389c,screen_SCRN_101,20.5,4,hit_000539
hit_11,c_9e3adb389c,screen_SCRN_99,49.75,4,hit_000540
hit_11,c_9eca721d6f,screen_SCRN_101,38.0,4,hit_000541
hit_11,c_9eca721d6f,screen_SCRN_99,68.75,4,hit_000542
hit_11,c_a86e283b14,screen_SCRN_101,8.0,4,hit_000543
hit_11,c_a86e283b14,screen_SCRN_99,62.25,4,hit_000544
hit_11,c_a88c92ca46,screen_SCRN_101,0.0,4,hit_000545
hit_11,c_a88c92ca46,screen_SCRN_99,42.0,4,hit_000546
hit_11,c_aabcb49fef,screen_SCRN_101,26.0,4,hit_000547
hit_11,c_aabcb49fef,screen_SCRN_99,78.75,4,hit_000548
hit_11,c_ad8305297d,screen_SCRN_101,36.75,4,hit_000549
hit_11,c_ad8305297d,screen_SCRN_99,81.25,4,hit_000550
hit_11,c_adf3bba061,screen_SCRN_101,28.25,4,hit_000551
hit_11,c_adf3bba061,screen_SCRN_99,63.0,4,hit_000552
hit_11,c_afb518137f,screen_SCRN_101,70.25,4,hit_000553
hit_11,c_afb518137f,screen_SCRN_99,93.25,4,hit_000554
hit_11,c_b9c1c9f68d,screen_SCRN_101,47.75,4,hit_000555
hit_11,c_b9c1c9f68d,screen_SCRN_99,96.75,4,hit_000556
hit_11,c_ba67a9e214,screen_SCRN_101,12.5,4,hit_000557
hit_11,c_ba67a9e214,screen_SCRN_99,50.5,4,hit_000558
hit_11,c_c3b27856cb,screen_SCRN_101,37.75,4,hit_000559
hit_11,c_c3b27856cb,screen_SCRN_99,95.5,4,hit_000560
hit_11,c_c87657789e,screen_SCRN_101,32.75,4,hit_000561
hit_11,c_c87657789e,screen_SCRN_99,60.0,4,hit_000562
hit_11,c_de1ab90c3c,screen_SCRN_101,53.75,4,hit_000563
hit_11,c_de1ab90c3c,screen_SCRN_99,65.75,4,hit_000564
hit_11,c_e03a6b9172,screen_SCRN_101,66.0,4,hit_000565
hit_11,c_e03a6b9172,screen_SCRN_99,93.5,4,hit_000566
hit_11,c_e564d7612a,screen_SCRN_101,60.5,4,hit_000567
hit_11,c_e564d7612a,screen_SCRN_99,93.5,4,hit_000568
hit_11,c_ec08770cef,screen_SCRN_101,66.25,4,hit_000569
hit_11,c_ec08770cef,screen_SCRN_99,73.5,4,hit_000570
hit_11,c_efdcec6f77,screen_SCRN_101,10.25,4,hit_000571
hit_11,c_efdcec6f77,screen_SCRN_99,84.0,4,hit_000572
hit_11,c_f7824c77b7,screen_SCRN_101,27.5,4,hit_000573
hit_11,c_f7824c77b7,screen_SCRN_99,76.5,4,hit_000574
hit_11,c_fb0fd7c858,screen_SCRN_101,33.5,4,hit_000575
hit_11,c_fb0fd7c858,screen_SCRN_99,84.0,4,hit_000576
